Modalidad,Edad,Nivel socioeconomico,Nivel de estudios cursado,Puntaje escala de satisfacción con el programa,Tiempo dedicado de estudio al mes,Grupo
En línea,54,Bajo,Licenciatura,16,47,10
Presencial,50,Bajo,Licenciatura,17,36,4
Presencial,55,Alto,Bachillerato,12,31,4
Presencial,61,Alto,Licenciatura,20,31,8
Presencial,49,Bajo,Licenciatura,15,46,10
Presencial,49,Bajo,Licenciatura,25,41,14
Presencial,62,Bajo,Licenciatura,20,45,10
Presencial,56,Alto,Licenciatura,19,41,10
Presencial,47,Bajo,Bachillerato,13,29,13
En línea,54,Bajo,Posgrado,30,62,8
En línea,47,Bajo,Licenciatura,24,41,8
En línea,47,Bajo,Licenciatura,15,51,10
En línea,52,Medio,Bachillerato,11,27,17
En línea,37,Bajo,Licenciatura,18,46,10
En línea,38,Bajo,Posgrado,23,68,7
Presencial,47,Alto,Posgrado,25,52,11
En línea,43,Bajo,Licenciatura,17,48,10
Presencial,53,Medio,Posgrado,34,57,15
Presencial,44,Bajo,Licenciatura,21,40,15
En línea,41,Medio,Licenciatura,20,46,12
En línea,61,Alto,Posgrado,34,57,9
En línea,49,Medio,Bachillerato,14,25,2
Presencial,51,Alto,Posgrado,31,66,13
Presencial,41,Alto,Posgrado,29,63,11
Presencial,47,Bajo,Posgrado,31,58,17
En línea,51,Alto,Licenciatura,17,46,16
En línea,42,Alto,Posgrado,17,58,13
En línea,53,Medio,Licenciatura,19,52,3
Presencial,46,Alto,Posgrado,37,60,15
Presencial,48,Alto,Bachillerato,19,26,15
En línea,46,Medio,Licenciatura,24,52,8
En línea,63,Bajo,Licenciatura,26,43,9
Presencial,50,Bajo,Licenciatura,20,48,7
Presencial,43,Alto,Bachillerato,15,16,11
Presencial,56,Bajo,Licenciatura,16,47,16
En línea,42,Bajo,Posgrado,28,61,9
En línea,52,Medio,Posgrado,33,63,7
En línea,37,Alto,Licenciatura,26,38,1
Presencial,41,Bajo,Licenciatura,19,38,10
Presencial,52,Medio,Posgrado,27,52,14
Presencial,56,Alto,Posgrado,30,55,17
En línea,52,Medio,Licenciatura,23,46,2
En línea,50,Bajo,Bachillerato,7,31,3
Presencial,48,Bajo,Bachillerato,3,21,3
Presencial,40,Medio,Posgrado,27,59,2
Presencial,45,Bajo,Licenciatura,13,33,1
En línea,47,Medio,Posgrado,27,58,7
Presencial,58,Medio,Posgrado,29,67,17
Presencial,53,Medio,Licenciatura,17,36,15
Presencial,38,Bajo,Licenciatura,27,51,17
En línea,53,Medio,Bachillerato,16,28,13
En línea,48,Medio,Bachillerato,16,29,9
Presencial,46,Medio,Licenciatura,23,47,12
Presencial,55,Bajo,Posgrado,24,63,14
Presencial,58,Medio,Posgrado,35,59,1
En línea,57,Bajo,Licenciatura,19,43,7
En línea,45,Medio,Bachillerato,18,30,14
En línea,48,Medio,Posgrado,24,63,17
En línea,53,Alto,Bachillerato,7,31,6
En línea,57,Bajo,Posgrado,34,65,15
En línea,47,Bajo,Bachillerato,16,32,17
En línea,49,Alto,Posgrado,25,70,11
Presencial,43,Alto,Licenciatura,15,41,1
Presencial,42,Medio,Licenciatura,25,44,11
Presencial,56,Alto,Posgrado,24,49,9
Presencial,60,Bajo,Licenciatura,28,30,1
Presencial,50,Medio,Licenciatura,15,41,9
En línea,58,Bajo,Licenciatura,23,46,13
En línea,53,Bajo,Licenciatura,18,42,17
Presencial,46,Alto,Bachillerato,18,26,12
Presencial,53,Alto,Licenciatura,17,39,2
Presencial,61,Alto,Licenciatura,19,46,15
En línea,50,Bajo,Posgrado,30,64,8
Presencial,61,Alto,Licenciatura,14,35,9
Presencial,34,Medio,Bachillerato,18,30,6
En línea,56,Alto,Licenciatura,17,44,1
En línea,51,Bajo,Bachillerato,13,31,13
Presencial,48,Alto,Posgrado,25,55,12
En línea,51,Bajo,Bachillerato,2,22,4
En línea,37,Medio,Licenciatura,19,46,4
Presencial,49,Alto,Licenciatura,32,44,12
Presencial,53,Alto,Licenciatura,23,44,6
En línea,61,Medio,Licenciatura,19,44,6
Presencial,47,Bajo,Bachillerato,13,14,17
En línea,45,Bajo,Bachillerato,15,27,16
Presencial,47,Bajo,Posgrado,32,63,13
En línea,57,Bajo,Bachillerato,9,26,2
Presencial,53,Alto,Licenciatura,25,41,7
Presencial,47,Bajo,Bachillerato,18,30,8
Presencial,54,Bajo,Posgrado,33,56,10
En línea,51,Bajo,Posgrado,32,56,2
En línea,57,Medio,Bachillerato,15,28,15
Presencial,46,Bajo,Licenciatura,23,39,6
En línea,48,Alto,Bachillerato,17,25,9
Presencial,48,Bajo,Licenciatura,18,39,1
En línea,40,Medio,Bachillerato,12,31,3
Presencial,53,Alto,Licenciatura,20,40,14
En línea,52,Medio,Licenciatura,27,49,6
En línea,51,Medio,Bachillerato,8,36,13
Presencial,49,Alto,Bachillerato,7,20,13
En línea,41,Alto,Licenciatura,20,47,17
En línea,48,Bajo,Bachillerato,15,26,4
Presencial,48,Medio,Licenciatura,20,36,7
En línea,45,Bajo,Posgrado,31,61,9
Presencial,49,Bajo,Licenciatura,18,38,7
Presencial,53,Alto,Bachillerato,22,28,9
Presencial,64,Bajo,Posgrado,21,68,12
Presencial,52,Bajo,Licenciatura,15,35,9
Presencial,52,Bajo,Posgrado,29,56,17
En línea,50,Bajo,Bachillerato,6,26,5
En línea,37,Bajo,Posgrado,29,65,8
En línea,50,Bajo,Posgrado,38,67,17
Presencial,51,Alto,Licenciatura,20,47,1
Presencial,68,Bajo,Bachillerato,16,12,3
Presencial,49,Medio,Licenciatura,13,26,15
Presencial,53,Bajo,Bachillerato,11,20,15
Presencial,50,Medio,Posgrado,28,63,6
En línea,42,Alto,Licenciatura,18,37,9
En línea,58,Alto,Licenciatura,26,32,3
Presencial,56,Medio,Licenciatura,22,44,5
En línea,56,Alto,Bachillerato,9,28,13
Presencial,44,Alto,Licenciatura,21,35,9
En línea,60,Medio,Licenciatura,22,41,4
Presencial,41,Medio,Bachillerato,20,21,7
En línea,55,Alto,Licenciatura,27,48,17
Presencial,66,Bajo,Posgrado,24,54,8
Presencial,44,Bajo,Licenciatura,15,41,2
Presencial,47,Bajo,Licenciatura,13,24,14
Presencial,51,Alto,Licenciatura,18,36,17
En línea,47,Bajo,Posgrado,32,58,7
Presencial,40,Medio,Licenciatura,24,40,10
En línea,51,Bajo,Licenciatura,19,43,13
En línea,43,Bajo,Licenciatura,18,49,5
En línea,54,Medio,Bachillerato,15,20,4
En línea,44,Bajo,Licenciatura,15,44,14
Presencial,61,Bajo,Posgrado,40,64,1
Presencial,45,Alto,Licenciatura,11,47,17
En línea,48,Alto,Bachillerato,15,27,8
En línea,56,Medio,Posgrado,40,68,11
Presencial,42,Medio,Licenciatura,20,31,11
Presencial,52,Medio,Licenciatura,19,28,15
En línea,60,Bajo,Licenciatura,18,49,8
En línea,39,Alto,Licenciatura,19,45,13
Presencial,52,Bajo,Licenciatura,26,48,5
Presencial,52,Medio,Licenciatura,8,30,8
En línea,56,Bajo,Bachillerato,22,34,12
Presencial,42,Bajo,Posgrado,22,65,8
En línea,41,Medio,Licenciatura,18,47,15
En línea,54,Alto,Bachillerato,12,29,3
Presencial,53,Alto,Licenciatura,22,41,11
Presencial,52,Alto,Bachillerato,7,14,12
En línea,53,Alto,Bachillerato,17,36,10
Presencial,46,Alto,Bachillerato,25,24,4
Presencial,52,Medio,Licenciatura,13,41,5
Presencial,53,Medio,Bachillerato,15,16,11
En línea,45,Medio,Bachillerato,11,22,13
En línea,64,Medio,Licenciatura,22,53,15
Presencial,54,Bajo,Licenciatura,20,39,2
Presencial,42,Medio,Licenciatura,16,47,14
En línea,55,Medio,Licenciatura,22,46,3
Presencial,44,Alto,Posgrado,39,52,10
En línea,56,Alto,Bachillerato,14,33,12
En línea,59,Medio,Bachillerato,18,27,17
En línea,45,Medio,Posgrado,23,65,9
Presencial,57,Medio,Posgrado,25,57,12
Presencial,53,Bajo,Posgrado,32,51,3
Presencial,56,Medio,Bachillerato,22,27,15
En línea,64,Medio,Posgrado,31,75,4
En línea,49,Alto,Bachillerato,13,31,15
Presencial,45,Medio,Licenciatura,19,40,16
Presencial,44,Bajo,Bachillerato,8,27,1
Presencial,45,Bajo,Licenciatura,23,42,2
En línea,50,Medio,Licenciatura,24,48,4
En línea,53,Medio,Posgrado,27,57,6
Presencial,52,Alto,Bachillerato,12,24,13
Presencial,56,Medio,Licenciatura,21,46,2
En línea,51,Bajo,Posgrado,27,58,10
En línea,61,Alto,Posgrado,29,70,12
En línea,49,Alto,Licenciatura,30,48,14
Presencial,68,Bajo,Licenciatura,18,35,17
Presencial,55,Medio,Bachillerato,13,28,4
Presencial,44,Alto,Licenciatura,16,38,8
En línea,43,Medio,Licenciatura,23,50,17
Presencial,54,Alto,Licenciatura,19,39,3
En línea,49,Alto,Licenciatura,16,44,12
En línea,55,Bajo,Licenciatura,26,50,14
Presencial,54,Medio,Licenciatura,27,44,9
Presencial,50,Alto,Posgrado,26,47,12
Presencial,45,Medio,Bachillerato,5,15,1
Presencial,40,Bajo,Posgrado,35,65,12
Presencial,47,Alto,Bachillerato,11,22,15
En línea,56,Alto,Bachillerato,18,27,1
En línea,52,Medio,Posgrado,20,54,17
Presencial,42,Bajo,Licenciatura,24,36,8
Presencial,52,Alto,Posgrado,23,46,14
Presencial,53,Bajo,Bachillerato,18,24,9
En línea,44,Alto,Posgrado,30,61,13
En línea,52,Medio,Posgrado,25,57,8
Presencial,51,Bajo,Posgrado,27,57,12
En línea,42,Bajo,Licenciatura,23,48,1
En línea,53,Medio,Licenciatura,20,56,8
En línea,54,Medio,Bachillerato,17,22,8
Presencial,58,Bajo,Licenciatura,29,49,9
Presencial,58,Bajo,Licenciatura,12,43,6
Presencial,41,Bajo,Posgrado,38,57,15
En línea,44,Alto,Posgrado,30,65,8
Presencial,54,Medio,Licenciatura,15,37,6
Presencial,54,Medio,Posgrado,23,57,7
Presencial,54,Alto,Posgrado,29,66,3
Presencial,68,Alto,Licenciatura,24,45,5
Presencial,54,Medio,Licenciatura,19,43,17
Presencial,58,Alto,Bachillerato,22,24,10
Presencial,57,Bajo,Licenciatura,12,31,9
Presencial,55,Alto,Licenciatura,19,39,9
En línea,48,Bajo,Licenciatura,13,49,6
Presencial,56,Medio,Posgrado,31,51,10
Presencial,45,Alto,Posgrado,34,54,6
Presencial,49,Medio,Posgrado,27,58,1
En línea,47,Bajo,Bachillerato,1,20,16
Presencial,51,Medio,Posgrado,30,55,9
Presencial,67,Medio,Licenciatura,22,39,15
En línea,37,Bajo,Posgrado,32,57,16
Presencial,55,Medio,Licenciatura,26,37,2
En línea,39,Alto,Bachillerato,9,31,4
Presencial,47,Medio,Licenciatura,23,35,7
Presencial,58,Bajo,Posgrado,35,52,14
Presencial,51,Alto,Licenciatura,11,35,14
En línea,43,Bajo,Licenciatura,21,49,4
Presencial,45,Medio,Bachillerato,12,22,3
En línea,55,Bajo,Posgrado,29,61,4
Presencial,45,Bajo,Posgrado,31,59,17
Presencial,52,Alto,Licenciatura,17,31,5
En línea,51,Medio,Bachillerato,11,30,14
Presencial,46,Alto,Posgrado,30,60,16
Presencial,66,Alto,Posgrado,24,55,17
Presencial,55,Medio,Licenciatura,14,44,5
Presencial,36,Bajo,Posgrado,33,54,2
Presencial,52,Alto,Licenciatura,14,44,15
Presencial,46,Alto,Licenciatura,23,42,1
Presencial,56,Alto,Bachillerato,17,23,9
En línea,45,Medio,Bachillerato,6,26,12
Presencial,50,Alto,Bachillerato,11,22,10
En línea,54,Alto,Bachillerato,20,37,5
Presencial,57,Alto,Bachillerato,10,17,11
Presencial,42,Bajo,Posgrado,27,54,3
En línea,48,Bajo,Posgrado,32,69,12
Presencial,47,Alto,Bachillerato,18,22,2
En línea,46,Bajo,Posgrado,28,67,13
Presencial,63,Alto,Posgrado,27,66,17
Presencial,53,Medio,Bachillerato,22,24,13
Presencial,42,Bajo,Bachillerato,23,30,16
En línea,57,Bajo,Bachillerato,19,24,5
En línea,65,Alto,Licenciatura,20,49,11
Presencial,58,Bajo,Licenciatura,15,40,13
Presencial,40,Bajo,Bachillerato,10,25,4
Presencial,47,Bajo,Licenciatura,22,38,6
Presencial,59,Medio,Bachillerato,17,16,10
En línea,46,Alto,Licenciatura,27,50,15
Presencial,54,Alto,Licenciatura,23,31,9
En línea,56,Alto,Licenciatura,12,42,11
En línea,44,Medio,Posgrado,35,70,9
Presencial,50,Alto,Bachillerato,10,23,5
Presencial,34,Medio,Posgrado,28,68,5
Presencial,43,Alto,Bachillerato,16,29,3
Presencial,49,Medio,Licenciatura,29,40,2
Presencial,42,Alto,Posgrado,40,62,5
En línea,62,Medio,Licenciatura,23,46,13
Presencial,40,Medio,Licenciatura,19,32,11
En línea,47,Bajo,Bachillerato,17,25,4
En línea,51,Bajo,Licenciatura,24,44,10
Presencial,61,Medio,Bachillerato,13,13,3
Presencial,40,Alto,Posgrado,38,61,8
Presencial,59,Bajo,Licenciatura,21,40,8
En línea,51,Bajo,Bachillerato,17,21,2
Presencial,44,Medio,Licenciatura,23,43,2
Presencial,54,Medio,Licenciatura,22,45,7
Presencial,52,Medio,Licenciatura,24,43,3
En línea,46,Medio,Bachillerato,11,26,14
En línea,51,Medio,Bachillerato,12,31,3
Presencial,48,Alto,Licenciatura,14,42,3
Presencial,51,Medio,Posgrado,32,61,12
Presencial,55,Alto,Licenciatura,23,37,8
Presencial,62,Alto,Posgrado,32,60,8
En línea,42,Alto,Bachillerato,23,37,10
En línea,65,Medio,Posgrado,29,60,3
Presencial,37,Medio,Licenciatura,23,52,6
En línea,49,Alto,Licenciatura,14,41,3
En línea,55,Medio,Posgrado,28,63,14
Presencial,52,Medio,Licenciatura,23,38,7
Presencial,46,Bajo,Licenciatura,24,43,5
Presencial,49,Medio,Licenciatura,18,31,6
Presencial,47,Alto,Licenciatura,19,37,8
Presencial,46,Alto,Bachillerato,7,16,2
En línea,56,Alto,Bachillerato,13,29,14
En línea,53,Alto,Licenciatura,24,52,1
En línea,46,Bajo,Posgrado,32,67,6
En línea,57,Bajo,Bachillerato,17,18,13
En línea,53,Medio,Licenciatura,20,56,16
En línea,56,Medio,Posgrado,30,65,12
Presencial,55,Medio,Licenciatura,16,35,17
En línea,45,Alto,Licenciatura,23,47,11
En línea,47,Medio,Bachillerato,17,30,13
En línea,56,Bajo,Licenciatura,22,43,2
Presencial,55,Alto,Posgrado,27,59,10
Presencial,50,Medio,Posgrado,19,52,17
Presencial,51,Alto,Bachillerato,20,23,9
Presencial,59,Medio,Licenciatura,17,36,4
En línea,46,Bajo,Posgrado,25,55,16
En línea,54,Medio,Bachillerato,18,31,10
En línea,49,Alto,Licenciatura,18,48,7
Presencial,49,Bajo,Bachillerato,20,28,17
En línea,58,Alto,Posgrado,33,68,8
Presencial,56,Alto,Bachillerato,18,27,3
En línea,56,Bajo,Bachillerato,8,24,3
En línea,60,Bajo,Bachillerato,21,35,14
En línea,51,Medio,Licenciatura,21,39,10
Presencial,55,Medio,Licenciatura,18,35,2
En línea,48,Medio,Licenciatura,20,41,3
En línea,53,Medio,Posgrado,21,66,8
En línea,50,Bajo,Licenciatura,22,51,8
Presencial,51,Medio,Bachillerato,9,25,3
En línea,55,Medio,Posgrado,23,67,16
Presencial,45,Alto,Posgrado,22,52,12
Presencial,65,Medio,Posgrado,35,62,7
En línea,43,Alto,Posgrado,26,62,8
En línea,42,Bajo,Bachillerato,22,35,11
Presencial,59,Bajo,Bachillerato,12,23,5
Presencial,56,Bajo,Posgrado,21,54,7
En línea,55,Medio,Bachillerato,9,30,4
Presencial,55,Alto,Posgrado,36,65,3
En línea,50,Alto,Posgrado,29,60,15
Presencial,44,Bajo,Licenciatura,17,39,14
En línea,51,Alto,Licenciatura,20,40,10
Presencial,46,Bajo,Licenciatura,22,29,4
En línea,57,Medio,Posgrado,35,66,14
Presencial,49,Alto,Posgrado,37,64,15
Presencial,45,Alto,Licenciatura,18,41,15
En línea,48,Medio,Posgrado,23,52,16
Presencial,53,Bajo,Bachillerato,12,21,10
Presencial,47,Bajo,Bachillerato,16,13,5
En línea,45,Bajo,Posgrado,25,69,3
Presencial,52,Alto,Posgrado,25,52,12
En línea,52,Bajo,Licenciatura,21,52,1
Presencial,47,Medio,Licenciatura,19,45,9
Presencial,47,Alto,Licenciatura,20,36,16
En línea,52,Alto,Bachillerato,11,22,12
En línea,40,Alto,Posgrado,28,65,2
Presencial,41,Bajo,Licenciatura,15,35,3
En línea,45,Medio,Licenciatura,24,47,7
Presencial,49,Bajo,Licenciatura,25,40,5
En línea,53,Bajo,Bachillerato,5,17,1
En línea,61,Alto,Posgrado,25,51,1
En línea,57,Medio,Bachillerato,7,28,5
Presencial,49,Bajo,Licenciatura,16,36,2
En línea,50,Medio,Bachillerato,14,26,11
En línea,43,Alto,Licenciatura,12,47,15
Presencial,50,Medio,Bachillerato,10,28,9
En línea,48,Bajo,Posgrado,24,60,1
En línea,53,Alto,Licenciatura,21,44,6
Presencial,45,Bajo,Bachillerato,15,27,2
En línea,54,Bajo,Licenciatura,16,38,7
Presencial,61,Bajo,Posgrado,30,60,10
Presencial,50,Bajo,Bachillerato,12,26,4
Presencial,53,Alto,Licenciatura,18,43,12
En línea,55,Bajo,Bachillerato,23,22,1
Presencial,48,Bajo,Licenciatura,26,38,16
En línea,52,Bajo,Bachillerato,8,23,15
Presencial,51,Bajo,Bachillerato,19,26,1
Presencial,51,Bajo,Posgrado,34,62,8
En línea,45,Alto,Bachillerato,9,35,2
Presencial,51,Bajo,Bachillerato,19,23,17
Presencial,54,Medio,Posgrado,37,58,3
En línea,61,Medio,Licenciatura,14,49,11
En línea,57,Alto,Licenciatura,15,45,7
Presencial,66,Bajo,Licenciatura,25,48,11
En línea,45,Alto,Licenciatura,21,47,2
En línea,57,Medio,Bachillerato,17,24,4
En línea,52,Alto,Bachillerato,16,23,7
Presencial,66,Bajo,Licenciatura,21,33,1
Presencial,45,Alto,Posgrado,23,60,16
Presencial,45,Bajo,Posgrado,35,66,13
Presencial,46,Medio,Licenciatura,25,51,5
En línea,36,Bajo,Licenciatura,18,49,3
En línea,47,Bajo,Bachillerato,14,35,14
En línea,45,Medio,Posgrado,22,58,10
En línea,52,Bajo,Licenciatura,22,40,1
Presencial,53,Medio,Bachillerato,17,29,5
En línea,64,Medio,Licenciatura,19,47,12
Presencial,57,Alto,Licenciatura,25,43,8
Presencial,46,Medio,Posgrado,28,60,15
Presencial,44,Alto,Licenciatura,22,43,13
En línea,54,Alto,Posgrado,24,68,2
En línea,41,Bajo,Posgrado,29,70,3
Presencial,63,Bajo,Bachillerato,14,26,17
Presencial,59,Medio,Posgrado,31,63,11
En línea,47,Alto,Posgrado,28,65,13
Presencial,39,Alto,Posgrado,29,56,7
En línea,60,Alto,Licenciatura,24,50,4
En línea,50,Bajo,Bachillerato,12,21,1
En línea,59,Medio,Bachillerato,6,32,10
En línea,39,Alto,Licenciatura,28,42,12
En línea,46,Medio,Posgrado,36,67,7
En línea,51,Alto,Bachillerato,8,23,14
En línea,51,Bajo,Posgrado,33,67,10
Presencial,47,Medio,Bachillerato,12,23,17
Presencial,55,Alto,Licenciatura,21,33,16
Presencial,43,Alto,Licenciatura,21,43,10
En línea,50,Medio,Licenciatura,18,42,1
En línea,51,Medio,Bachillerato,11,32,11
Presencial,54,Bajo,Licenciatura,16,39,8
Presencial,55,Alto,Posgrado,25,59,1
Presencial,43,Alto,Licenciatura,15,34,14
Presencial,40,Medio,Licenciatura,19,37,7
En línea,59,Alto,Posgrado,26,60,11
En línea,53,Bajo,Licenciatura,23,51,13
En línea,45,Bajo,Licenciatura,27,56,15
En línea,61,Alto,Bachillerato,12,24,15
Presencial,51,Alto,Licenciatura,21,46,6
Presencial,59,Medio,Bachillerato,17,14,3
Presencial,51,Alto,Licenciatura,22,35,1
En línea,65,Alto,Licenciatura,20,41,6
En línea,63,Bajo,Licenciatura,23,40,16
En línea,49,Alto,Bachillerato,17,22,17
En línea,57,Alto,Posgrado,23,63,17
Presencial,55,Alto,Posgrado,34,59,8
En línea,60,Alto,Licenciatura,24,49,12
En línea,44,Alto,Bachillerato,11,31,16
En línea,55,Bajo,Bachillerato,15,30,12
En línea,58,Bajo,Posgrado,33,68,5
En línea,38,Medio,Posgrado,28,63,12
Presencial,42,Alto,Bachillerato,20,20,13
En línea,36,Alto,Posgrado,40,72,2
Presencial,49,Alto,Licenciatura,16,36,9
Presencial,56,Bajo,Posgrado,23,52,6
En línea,61,Medio,Bachillerato,16,28,2
Presencial,51,Alto,Licenciatura,23,37,11
Presencial,62,Alto,Licenciatura,18,38,6
En línea,41,Alto,Licenciatura,27,49,16
En línea,39,Medio,Posgrado,23,63,14
En línea,50,Medio,Licenciatura,23,42,12
En línea,53,Alto,Licenciatura,16,42,13
Presencial,50,Bajo,Licenciatura,28,48,6
En línea,36,Alto,Licenciatura,29,51,16
En línea,50,Bajo,Bachillerato,11,38,5
En línea,41,Bajo,Licenciatura,17,51,11
En línea,55,Medio,Posgrado,34,70,4
En línea,53,Alto,Posgrado,28,56,1
Presencial,44,Bajo,Licenciatura,19,44,17
En línea,47,Medio,Posgrado,30,63,14
En línea,43,Bajo,Posgrado,20,58,8
En línea,50,Bajo,Licenciatura,19,46,11
Presencial,57,Alto,Bachillerato,11,28,15
Presencial,44,Alto,Licenciatura,17,42,10
En línea,54,Medio,Bachillerato,22,27,2
Presencial,47,Alto,Licenciatura,13,42,14
En línea,45,Alto,Licenciatura,24,44,2
En línea,50,Bajo,Bachillerato,13,29,3
En línea,43,Alto,Bachillerato,13,27,9
Presencial,47,Alto,Licenciatura,23,40,4
En línea,42,Alto,Licenciatura,21,50,5
Presencial,64,Bajo,Posgrado,32,54,8
En línea,51,Medio,Posgrado,34,74,7
En línea,46,Bajo,Licenciatura,18,36,6
En línea,52,Medio,Licenciatura,16,41,1
Presencial,50,Alto,Licenciatura,14,41,12
Presencial,49,Bajo,Licenciatura,15,42,9
Presencial,55,Bajo,Bachillerato,29,28,3
En línea,56,Bajo,Licenciatura,26,47,12
Presencial,47,Bajo,Posgrado,23,58,10
Presencial,46,Bajo,Bachillerato,8,21,9
Presencial,49,Medio,Bachillerato,17,32,2
En línea,34,Medio,Posgrado,32,68,6
En línea,40,Medio,Posgrado,32,68,4
En línea,60,Alto,Posgrado,28,58,4
Presencial,62,Alto,Licenciatura,19,40,10
Presencial,49,Medio,Licenciatura,21,39,8
En línea,55,Bajo,Licenciatura,20,40,2
En línea,53,Bajo,Posgrado,18,62,8
En línea,68,Alto,Licenciatura,18,42,7
En línea,58,Alto,Bachillerato,10,31,17
En línea,50,Alto,Posgrado,30,58,2
Presencial,44,Bajo,Posgrado,40,70,17
En línea,39,Alto,Bachillerato,16,25,15
En línea,52,Medio,Posgrado,28,64,3
Presencial,45,Medio,Licenciatura,24,46,8
En línea,41,Medio,Bachillerato,17,27,9
Presencial,46,Medio,Posgrado,32,63,1
En línea,43,Alto,Posgrado,33,58,2
Presencial,62,Bajo,Bachillerato,25,34,16
En línea,57,Bajo,Licenciatura,14,44,17
Presencial,50,Bajo,Licenciatura,22,38,6
Presencial,61,Medio,Posgrado,25,56,9
En línea,51,Medio,Licenciatura,22,50,12
Presencial,44,Alto,Licenciatura,15,36,13
Presencial,61,Alto,Bachillerato,12,19,4
Presencial,54,Alto,Licenciatura,18,39,15
Presencial,43,Bajo,Posgrado,34,54,5
En línea,49,Medio,Licenciatura,24,56,8
En línea,44,Medio,Posgrado,23,59,16
Presencial,41,Alto,Posgrado,30,63,17
En línea,57,Bajo,Posgrado,26,63,14
Presencial,64,Medio,Licenciatura,13,33,6
En línea,41,Medio,Licenciatura,18,45,1
Presencial,54,Bajo,Posgrado,28,62,3
Presencial,46,Bajo,Posgrado,40,61,12
En línea,47,Medio,Posgrado,32,70,5
En línea,46,Medio,Bachillerato,8,32,9
Presencial,44,Medio,Bachillerato,12,28,8
En línea,51,Medio,Licenciatura,25,45,12
Presencial,45,Medio,Bachillerato,25,22,12
En línea,52,Bajo,Licenciatura,12,40,2
Presencial,50,Alto,Posgrado,20,56,3
En línea,49,Bajo,Licenciatura,29,51,9
En línea,44,Medio,Posgrado,31,53,1
En línea,46,Bajo,Licenciatura,15,44,12
En línea,56,Medio,Licenciatura,22,47,15
En línea,54,Bajo,Bachillerato,1,23,16
Presencial,44,Medio,Bachillerato,15,30,17
Presencial,51,Bajo,Posgrado,31,61,7
En línea,56,Bajo,Posgrado,34,71,13
Presencial,39,Bajo,Posgrado,24,56,9
En línea,54,Medio,Licenciatura,20,50,15
En línea,46,Bajo,Posgrado,25,70,8
Presencial,54,Medio,Posgrado,31,65,8
En línea,45,Bajo,Bachillerato,10,22,1
En línea,38,Bajo,Licenciatura,17,43,5
Presencial,39,Bajo,Licenciatura,15,37,16
En línea,51,Alto,Bachillerato,18,32,14
En línea,52,Bajo,Licenciatura,24,50,6
En línea,44,Bajo,Licenciatura,18,41,2
Presencial,55,Bajo,Bachillerato,15,24,7
Presencial,39,Bajo,Posgrado,22,46,11
Presencial,50,Medio,Bachillerato,13,31,16
En línea,42,Bajo,Posgrado,29,61,11
En línea,46,Alto,Licenciatura,33,50,13
En línea,51,Alto,Bachillerato,9,26,9
En línea,44,Alto,Licenciatura,27,53,2
Presencial,48,Bajo,Licenciatura,24,28,11
En línea,58,Alto,Bachillerato,16,29,9
Presencial,46,Bajo,Posgrado,38,60,4
En línea,56,Bajo,Bachillerato,16,27,12
En línea,43,Bajo,Posgrado,31,72,9
Presencial,54,Medio,Bachillerato,14,19,7
Presencial,61,Bajo,Posgrado,36,64,1
En línea,34,Alto,Licenciatura,25,49,8
Presencial,45,Bajo,Licenciatura,16,46,13
Presencial,55,Bajo,Licenciatura,13,35,11
En línea,49,Medio,Bachillerato,13,25,3
En línea,53,Bajo,Posgrado,25,67,12
En línea,46,Medio,Licenciatura,19,47,3
En línea,51,Medio,Posgrado,36,58,2
En línea,49,Bajo,Posgrado,27,60,1
Presencial,59,Alto,Bachillerato,14,26,9
Presencial,52,Medio,Posgrado,30,63,14
En línea,53,Bajo,Posgrado,34,61,12
En línea,48,Bajo,Licenciatura,8,27,5
Presencial,47,Alto,Posgrado,26,60,7
En línea,47,Bajo,Licenciatura,21,40,10
En línea,53,Alto,Bachillerato,21,21,11
En línea,48,Medio,Bachillerato,12,14,5
En línea,53,Medio,Licenciatura,10,47,9
Presencial,65,Bajo,Posgrado,33,60,4
En línea,57,Medio,Licenciatura,16,43,10
En línea,48,Bajo,Posgrado,24,69,11
En línea,59,Alto,Posgrado,26,65,12
Presencial,48,Medio,Posgrado,29,66,12
Presencial,36,Alto,Bachillerato,11,16,16
Presencial,43,Bajo,Posgrado,18,55,2
En línea,37,Alto,Licenciatura,24,39,10
Presencial,48,Bajo,Bachillerato,21,25,12
En línea,51,Bajo,Bachillerato,18,29,12
En línea,62,Alto,Bachillerato,9,30,4
Presencial,53,Bajo,Posgrado,28,58,4
Presencial,49,Bajo,Posgrado,29,61,17
Presencial,56,Bajo,Posgrado,32,63,17
Presencial,35,Medio,Licenciatura,23,52,3
Presencial,52,Alto,Posgrado,26,56,3
En línea,56,Bajo,Bachillerato,15,24,9
Presencial,40,Medio,Bachillerato,17,26,11
En línea,59,Medio,Licenciatura,27,44,12
En línea,53,Bajo,Posgrado,33,72,14
En línea,48,Bajo,Licenciatura,23,45,8
En línea,55,Medio,Licenciatura,20,43,8
En línea,66,Bajo,Licenciatura,27,45,17
En línea,52,Medio,Bachillerato,17,33,14
En línea,52,Medio,Bachillerato,10,27,11
Presencial,47,Alto,Licenciatura,27,39,9
En línea,45,Medio,Posgrado,33,73,9
Presencial,56,Medio,Posgrado,27,53,14
Presencial,45,Bajo,Bachillerato,12,23,17
Presencial,51,Medio,Bachillerato,16,28,6
En línea,47,Bajo,Posgrado,32,56,17
En línea,54,Medio,Posgrado,30,66,11
Presencial,53,Bajo,Posgrado,31,54,7
En línea,58,Bajo,Posgrado,38,70,7
Presencial,47,Bajo,Bachillerato,20,21,14
Presencial,49,Bajo,Licenciatura,20,44,1
En línea,44,Medio,Posgrado,34,70,12
En línea,47,Alto,Bachillerato,9,32,17
En línea,53,Alto,Bachillerato,16,31,6
En línea,56,Alto,Bachillerato,24,31,2
En línea,44,Bajo,Posgrado,28,60,15
En línea,57,Medio,Posgrado,25,69,17
En línea,60,Bajo,Licenciatura,16,41,11
En línea,53,Medio,Posgrado,24,57,5
Presencial,64,Alto,Bachillerato,11,26,17
En línea,45,Alto,Posgrado,28,59,3
Presencial,42,Alto,Licenciatura,12,33,16
En línea,38,Alto,Posgrado,30,56,10
Presencial,61,Alto,Bachillerato,19,23,6
En línea,55,Medio,Licenciatura,15,44,11
Presencial,50,Medio,Bachillerato,22,27,6
Presencial,52,Alto,Bachillerato,17,29,5
Presencial,43,Bajo,Bachillerato,20,28,1
Presencial,68,Alto,Bachillerato,11,22,8
En línea,51,Alto,Bachillerato,19,29,15
En línea,51,Alto,Licenciatura,14,46,10
En línea,56,Alto,Posgrado,34,71,7
Presencial,54,Medio,Posgrado,30,59,16
En línea,52,Alto,Licenciatura,22,44,6
En línea,45,Alto,Bachillerato,9,22,11
En línea,54,Medio,Posgrado,25,55,11
En línea,64,Medio,Posgrado,32,67,3
Presencial,60,Alto,Licenciatura,15,42,6
En línea,62,Bajo,Bachillerato,17,32,7
Presencial,47,Bajo,Licenciatura,13,38,10
Presencial,44,Alto,Posgrado,34,67,2
Presencial,50,Alto,Bachillerato,8,19,17
En línea,51,Medio,Licenciatura,22,51,1
En línea,58,Alto,Posgrado,33,64,5
Presencial,39,Alto,Posgrado,26,54,17
En línea,61,Medio,Posgrado,32,67,9
En línea,49,Alto,Licenciatura,21,48,13
En línea,48,Alto,Bachillerato,12,30,15
Presencial,43,Medio,Bachillerato,9,23,6
Presencial,39,Medio,Posgrado,20,55,16
Presencial,56,Medio,Licenciatura,21,53,13
Presencial,51,Bajo,Bachillerato,7,28,11
En línea,41,Bajo,Bachillerato,15,33,13
Presencial,41,Bajo,Bachillerato,13,24,14
Presencial,48,Alto,Bachillerato,18,30,2
Presencial,62,Alto,Licenciatura,18,42,12
En línea,49,Alto,Licenciatura,18,45,3
En línea,40,Bajo,Licenciatura,23,45,9
Presencial,49,Medio,Posgrado,31,58,15
En línea,49,Alto,Bachillerato,16,13,5
En línea,34,Bajo,Posgrado,32,65,6
Presencial,50,Alto,Posgrado,22,54,5
Presencial,49,Bajo,Licenciatura,23,49,7
En línea,55,Alto,Licenciatura,23,46,14
En línea,63,Alto,Posgrado,24,56,1
Presencial,58,Alto,Bachillerato,13,23,3
Presencial,49,Bajo,Posgrado,29,53,9
Presencial,43,Alto,Bachillerato,14,26,17
En línea,68,Alto,Licenciatura,21,47,12
En línea,51,Medio,Licenciatura,27,52,14
En línea,51,Bajo,Licenciatura,25,43,1
Presencial,50,Alto,Bachillerato,8,22,7
Presencial,52,Bajo,Licenciatura,23,35,9
En línea,49,Bajo,Bachillerato,21,34,13
En línea,46,Bajo,Posgrado,31,66,2
Presencial,47,Bajo,Posgrado,35,62,15
En línea,50,Medio,Licenciatura,30,49,11
Presencial,47,Medio,Licenciatura,25,44,14
En línea,46,Bajo,Bachillerato,16,37,14
En línea,51,Bajo,Licenciatura,25,46,16
En línea,49,Alto,Bachillerato,15,30,5
Presencial,61,Bajo,Licenciatura,20,35,3
En línea,34,Medio,Licenciatura,18,41,10
Presencial,58,Medio,Licenciatura,27,43,11
En línea,59,Alto,Posgrado,25,68,12
Presencial,36,Medio,Bachillerato,22,25,7
En línea,48,Medio,Bachillerato,17,28,13
En línea,48,Medio,Bachillerato,8,25,9
Presencial,41,Medio,Posgrado,31,56,9
Presencial,45,Medio,Licenciatura,9,39,1
Presencial,43,Bajo,Licenciatura,23,34,2
En línea,63,Medio,Bachillerato,19,37,5
En línea,57,Alto,Bachillerato,12,25,17
En línea,59,Bajo,Licenciatura,20,49,9
Presencial,56,Medio,Bachillerato,24,20,9
En línea,43,Medio,Licenciatura,17,48,5
Presencial,47,Medio,Licenciatura,14,42,3
Presencial,54,Bajo,Posgrado,37,63,16
En línea,42,Bajo,Posgrado,39,61,8
En línea,55,Alto,Posgrado,30,65,9
En línea,49,Medio,Posgrado,35,59,17
Presencial,48,Bajo,Bachillerato,21,25,1
Presencial,55,Bajo,Posgrado,26,62,1
En línea,54,Medio,Licenciatura,17,49,13
En línea,48,Alto,Licenciatura,26,47,4
Presencial,59,Alto,Posgrado,38,56,4
Presencial,43,Alto,Posgrado,32,62,11
En línea,55,Alto,Licenciatura,15,44,7
Presencial,55,Alto,Posgrado,39,50,14
Presencial,48,Bajo,Posgrado,27,62,2
Presencial,53,Alto,Posgrado,28,58,1
En línea,42,Bajo,Licenciatura,21,52,10
Presencial,57,Alto,Posgrado,37,55,12
Presencial,49,Medio,Bachillerato,19,10,16
En línea,47,Alto,Licenciatura,22,47,17
En línea,58,Medio,Licenciatura,22,48,7
En línea,46,Medio,Bachillerato,15,21,12
Presencial,41,Bajo,Licenciatura,22,36,10
En línea,40,Alto,Bachillerato,2,39,3
Presencial,55,Alto,Posgrado,28,56,7
En línea,42,Alto,Posgrado,31,67,13
En línea,63,Bajo,Licenciatura,14,40,16
En línea,36,Alto,Posgrado,31,53,8
En línea,62,Medio,Bachillerato,13,28,1
Presencial,52,Bajo,Licenciatura,28,42,7
Presencial,50,Bajo,Licenciatura,27,41,4
En línea,47,Medio,Posgrado,27,62,1
Presencial,53,Bajo,Posgrado,29,60,12
En línea,50,Alto,Bachillerato,14,28,15
Presencial,58,Bajo,Posgrado,27,51,2
Presencial,51,Medio,Posgrado,30,61,15
Presencial,52,Alto,Posgrado,26,48,15
En línea,48,Bajo,Bachillerato,9,17,1
Presencial,50,Alto,Licenciatura,23,45,9
En línea,53,Alto,Posgrado,33,67,4
En línea,39,Bajo,Bachillerato,10,27,11
Presencial,41,Bajo,Licenciatura,24,35,16
En línea,56,Bajo,Licenciatura,16,41,4
En línea,52,Medio,Licenciatura,21,44,7
Presencial,49,Alto,Licenciatura,24,34,7
Presencial,51,Bajo,Licenciatura,19,37,10
En línea,53,Medio,Posgrado,32,67,2
Presencial,47,Medio,Bachillerato,12,30,14
En línea,45,Medio,Bachillerato,14,27,6
Presencial,52,Alto,Bachillerato,13,27,10
En línea,44,Bajo,Licenciatura,16,35,8
Presencial,53,Bajo,Licenciatura,19,43,9
Presencial,39,Alto,Bachillerato,7,18,8
Presencial,58,Alto,Posgrado,27,59,1
Presencial,54,Alto,Licenciatura,18,39,11
En línea,52,Bajo,Posgrado,28,70,3
Presencial,57,Medio,Bachillerato,13,19,10
Presencial,62,Medio,Licenciatura,19,43,1
Presencial,58,Alto,Licenciatura,22,40,1
Presencial,38,Alto,Posgrado,34,59,15
Presencial,42,Medio,Bachillerato,11,22,10
En línea,46,Alto,Posgrado,23,57,5
Presencial,51,Alto,Posgrado,24,57,6
En línea,54,Medio,Bachillerato,12,28,4
En línea,45,Alto,Bachillerato,13,30,2
Presencial,52,Bajo,Posgrado,26,58,1
Presencial,45,Alto,Licenciatura,13,42,1
Presencial,46,Alto,Bachillerato,12,28,4
Presencial,41,Medio,Posgrado,30,53,12
En línea,44,Bajo,Bachillerato,17,34,5
En línea,41,Medio,Licenciatura,17,39,6
Presencial,44,Alto,Bachillerato,12,26,16
En línea,58,Medio,Bachillerato,10,31,14
Presencial,44,Medio,Bachillerato,14,14,9
Presencial,68,Medio,Bachillerato,10,23,13
En línea,54,Bajo,Licenciatura,22,44,16
Presencial,52,Alto,Licenciatura,11,34,8
Presencial,44,Bajo,Bachillerato,13,30,11
Presencial,55,Medio,Posgrado,31,56,10
En línea,46,Alto,Licenciatura,20,41,2
Presencial,51,Alto,Licenciatura,33,45,3
En línea,68,Bajo,Licenciatura,21,49,12
Presencial,50,Alto,Posgrado,24,56,5
Presencial,59,Bajo,Licenciatura,19,46,1
Presencial,46,Alto,Posgrado,21,58,11
Presencial,50,Medio,Posgrado,29,47,6
En línea,63,Alto,Bachillerato,10,25,12
En línea,46,Bajo,Posgrado,34,62,6
Presencial,63,Medio,Licenciatura,17,42,7
En línea,55,Alto,Bachillerato,14,16,11
Presencial,47,Alto,Licenciatura,16,52,14
En línea,55,Bajo,Posgrado,38,69,11
En línea,57,Alto,Licenciatura,18,46,9
Presencial,55,Bajo,Bachillerato,24,33,3
En línea,40,Alto,Bachillerato,19,42,14
En línea,45,Bajo,Posgrado,32,68,1
En línea,49,Alto,Licenciatura,21,51,10
Presencial,50,Bajo,Posgrado,31,59,6
En línea,55,Medio,Posgrado,20,60,5
Presencial,52,Medio,Posgrado,28,56,9
En línea,41,Bajo,Bachillerato,19,26,1
En línea,53,Alto,Licenciatura,19,42,4
En línea,55,Alto,Posgrado,22,54,11
En línea,54,Bajo,Posgrado,29,63,9
Presencial,58,Medio,Posgrado,38,52,2
Presencial,56,Alto,Posgrado,36,61,2
Presencial,54,Medio,Bachillerato,14,24,13
Presencial,50,Alto,Bachillerato,19,26,13
En línea,39,Bajo,Licenciatura,18,42,1
En línea,54,Alto,Posgrado,21,76,6
Presencial,52,Medio,Licenciatura,15,46,7
Presencial,52,Alto,Bachillerato,22,20,6
Presencial,42,Bajo,Posgrado,28,59,14
En línea,43,Medio,Posgrado,28,60,4
Presencial,58,Bajo,Licenciatura,18,35,11
Presencial,50,Bajo,Posgrado,39,54,8
Presencial,55,Bajo,Posgrado,38,63,6
En línea,51,Bajo,Posgrado,40,63,9
Presencial,51,Alto,Bachillerato,14,29,16
En línea,57,Bajo,Licenciatura,21,51,12
En línea,47,Alto,Posgrado,22,68,7
Presencial,51,Alto,Bachillerato,22,22,4
En línea,47,Medio,Licenciatura,14,46,9
Presencial,47,Medio,Bachillerato,16,27,1
En línea,48,Alto,Posgrado,24,59,16
En línea,52,Alto,Bachillerato,12,24,4
Presencial,47,Alto,Licenciatura,15,47,17
En línea,59,Medio,Licenciatura,16,45,6
Presencial,44,Bajo,Licenciatura,17,43,3
Presencial,49,Medio,Posgrado,27,53,13
En línea,47,Alto,Bachillerato,19,24,13
En línea,61,Bajo,Licenciatura,14,41,5
Presencial,52,Bajo,Bachillerato,16,24,15
Presencial,58,Medio,Posgrado,36,55,6
Presencial,40,Alto,Bachillerato,12,23,14
En línea,52,Bajo,Bachillerato,11,19,13
Presencial,57,Bajo,Licenciatura,18,34,4
En línea,51,Bajo,Posgrado,35,68,12
Presencial,58,Bajo,Licenciatura,20,44,8
Presencial,47,Medio,Posgrado,27,56,14
Presencial,60,Bajo,Bachillerato,17,20,17
En línea,67,Medio,Bachillerato,9,22,8
Presencial,48,Bajo,Bachillerato,18,23,3
Presencial,47,Medio,Licenciatura,22,44,17
En línea,61,Medio,Licenciatura,18,50,14
En línea,62,Bajo,Licenciatura,15,42,7
En línea,47,Bajo,Bachillerato,10,22,15
En línea,48,Alto,Licenciatura,22,47,10
En línea,49,Alto,Bachillerato,21,27,3
Presencial,41,Medio,Posgrado,26,55,16
Presencial,44,Medio,Licenciatura,22,48,11
Presencial,43,Alto,Licenciatura,9,41,6
Presencial,45,Bajo,Posgrado,27,58,14
En línea,50,Bajo,Bachillerato,14,22,17
Presencial,52,Alto,Licenciatura,15,40,15
En línea,61,Bajo,Posgrado,25,67,1
Presencial,44,Bajo,Bachillerato,11,21,10
Presencial,57,Alto,Posgrado,31,66,1
En línea,49,Bajo,Bachillerato,14,35,5
Presencial,50,Alto,Bachillerato,3,29,13
Presencial,55,Bajo,Licenciatura,9,39,16
Presencial,43,Medio,Licenciatura,16,42,12
Presencial,53,Bajo,Bachillerato,17,32,9
En línea,52,Bajo,Licenciatura,6,44,6
Presencial,54,Bajo,Licenciatura,17,37,12
En línea,53,Alto,Posgrado,27,60,4
En línea,68,Bajo,Licenciatura,26,48,1
Presencial,46,Bajo,Licenciatura,18,33,6
En línea,47,Bajo,Bachillerato,16,29,10
Presencial,46,Alto,Posgrado,30,64,11
Presencial,47,Bajo,Posgrado,19,44,16
Presencial,46,Medio,Licenciatura,23,49,9
Presencial,59,Alto,Licenciatura,21,46,11
En línea,60,Medio,Bachillerato,17,27,9
En línea,47,Bajo,Licenciatura,39,54,11
Presencial,45,Bajo,Bachillerato,4,21,12
En línea,54,Alto,Posgrado,38,72,14
Presencial,47,Medio,Licenciatura,18,45,8
En línea,55,Alto,Posgrado,31,57,4
Presencial,52,Bajo,Licenciatura,19,43,8
En línea,40,Bajo,Posgrado,27,62,2
En línea,61,Medio,Bachillerato,12,29,7
Presencial,63,Medio,Licenciatura,21,37,16
Presencial,46,Alto,Bachillerato,7,30,16
Presencial,48,Alto,Licenciatura,23,47,16
Presencial,53,Medio,Bachillerato,12,19,8
En línea,53,Alto,Bachillerato,9,21,1
Presencial,55,Alto,Posgrado,27,56,15
Presencial,65,Medio,Licenciatura,26,44,7
Presencial,49,Alto,Posgrado,27,59,1
En línea,45,Medio,Licenciatura,21,52,13
Presencial,41,Bajo,Licenciatura,16,43,14
Presencial,45,Bajo,Bachillerato,18,30,16
En línea,50,Alto,Bachillerato,18,32,11
Presencial,63,Bajo,Licenciatura,29,36,16
Presencial,47,Alto,Licenciatura,19,39,15
En línea,52,Bajo,Licenciatura,23,52,8
Presencial,50,Medio,Posgrado,30,58,16
En línea,59,Medio,Licenciatura,26,50,11
En línea,68,Bajo,Licenciatura,16,43,16
En línea,47,Medio,Posgrado,33,59,9
Presencial,47,Bajo,Bachillerato,14,23,12
Presencial,58,Medio,Licenciatura,19,42,10
En línea,55,Medio,Licenciatura,20,42,16
Presencial,63,Medio,Licenciatura,21,40,15
En línea,55,Alto,Licenciatura,19,41,17
Presencial,48,Medio,Bachillerato,16,30,13
En línea,55,Medio,Licenciatura,27,46,2
En línea,58,Alto,Licenciatura,24,54,11
Presencial,56,Bajo,Licenciatura,24,49,4
Presencial,54,Medio,Licenciatura,17,39,5
Presencial,58,Medio,Posgrado,25,52,13
Presencial,59,Bajo,Posgrado,34,49,6
Presencial,60,Medio,Posgrado,34,52,16
En línea,55,Alto,Bachillerato,22,24,5
En línea,49,Bajo,Posgrado,26,69,11
En línea,52,Medio,Licenciatura,18,45,13
En línea,59,Alto,Posgrado,21,63,13
Presencial,45,Bajo,Licenciatura,18,29,10
Presencial,53,Alto,Bachillerato,19,19,5
En línea,48,Alto,Bachillerato,12,33,17
Presencial,51,Medio,Bachillerato,18,26,14
Presencial,59,Medio,Licenciatura,19,39,11
En línea,52,Bajo,Bachillerato,16,32,5
En línea,51,Bajo,Licenciatura,14,52,4
Presencial,41,Medio,Posgrado,30,57,1
En línea,56,Medio,Posgrado,15,59,10
Presencial,55,Bajo,Licenciatura,19,41,8
Presencial,66,Medio,Licenciatura,11,50,14
En línea,48,Bajo,Licenciatura,26,37,4
En línea,52,Medio,Posgrado,33,68,17
En línea,52,Medio,Licenciatura,22,46,17
Presencial,62,Alto,Licenciatura,27,45,10
En línea,50,Bajo,Bachillerato,10,24,8
En línea,52,Alto,Bachillerato,23,31,13
Presencial,55,Medio,Posgrado,34,63,15
En línea,52,Bajo,Licenciatura,18,60,9
En línea,47,Bajo,Licenciatura,25,51,17
Presencial,52,Bajo,Licenciatura,14,34,2
Presencial,58,Medio,Posgrado,25,55,1
Presencial,43,Bajo,Licenciatura,16,37,1
En línea,51,Bajo,Posgrado,27,54,10
Presencial,46,Bajo,Posgrado,24,55,10
Presencial,59,Bajo,Licenciatura,26,46,11
Presencial,40,Bajo,Licenciatura,18,34,2
Presencial,47,Medio,Bachillerato,16,30,12
Presencial,53,Bajo,Posgrado,27,60,10
En línea,61,Medio,Bachillerato,5,22,3
En línea,50,Bajo,Bachillerato,16,29,14
En línea,47,Medio,Licenciatura,10,50,4
Presencial,64,Alto,Posgrado,29,62,4
En línea,40,Bajo,Licenciatura,13,43,5
Presencial,35,Medio,Bachillerato,24,26,10
Presencial,54,Bajo,Bachillerato,19,26,15
En línea,47,Bajo,Licenciatura,20,43,8
En línea,43,Bajo,Bachillerato,21,20,7
En línea,55,Alto,Licenciatura,15,54,16
En línea,52,Bajo,Bachillerato,17,30,13
En línea,47,Medio,Posgrado,30,65,7
En línea,42,Medio,Bachillerato,16,29,3
En línea,57,Medio,Bachillerato,21,27,10
En línea,55,Medio,Bachillerato,18,29,11
Presencial,50,Bajo,Posgrado,31,51,13
Presencial,63,Alto,Licenciatura,11,49,12
Presencial,43,Medio,Bachillerato,10,16,14
Presencial,40,Alto,Licenciatura,19,35,9
Presencial,46,Alto,Posgrado,30,56,16
Presencial,50,Alto,Posgrado,24,63,15
En línea,52,Bajo,Bachillerato,27,33,3
Presencial,49,Alto,Licenciatura,27,36,13
Presencial,53,Medio,Licenciatura,23,48,1
Presencial,42,Alto,Bachillerato,15,28,6
En línea,61,Alto,Posgrado,28,66,14
Presencial,50,Medio,Posgrado,25,61,16
En línea,58,Bajo,Bachillerato,15,41,9
Presencial,53,Bajo,Licenciatura,21,52,10
Presencial,54,Medio,Licenciatura,13,35,13
Presencial,54,Medio,Licenciatura,21,49,15
Presencial,54,Bajo,Bachillerato,14,26,4
En línea,55,Bajo,Posgrado,20,63,5
En línea,60,Alto,Posgrado,25,54,4
En línea,52,Medio,Bachillerato,12,27,2
Presencial,55,Bajo,Posgrado,39,57,5
En línea,50,Alto,Bachillerato,17,34,4
Presencial,61,Medio,Posgrado,23,62,4
En línea,46,Bajo,Bachillerato,17,19,5
En línea,63,Alto,Bachillerato,7,26,11
En línea,50,Bajo,Bachillerato,20,36,17
Presencial,40,Bajo,Licenciatura,17,39,3
Presencial,51,Medio,Bachillerato,14,27,14
En línea,46,Alto,Posgrado,36,67,10
Presencial,56,Alto,Licenciatura,13,40,15
Presencial,46,Medio,Posgrado,23,55,5
En línea,47,Alto,Posgrado,27,57,14
Presencial,37,Alto,Bachillerato,20,20,1
En línea,47,Medio,Licenciatura,12,47,17
Presencial,34,Bajo,Licenciatura,5,36,10
En línea,39,Alto,Posgrado,27,62,1
En línea,56,Bajo,Bachillerato,17,27,10
Presencial,56,Bajo,Bachillerato,21,24,4
En línea,53,Alto,Bachillerato,12,33,17
En línea,44,Alto,Licenciatura,17,43,15
Presencial,50,Alto,Posgrado,35,53,11
En línea,50,Bajo,Bachillerato,5,30,16
Presencial,42,Bajo,Posgrado,28,57,10
En línea,61,Bajo,Licenciatura,20,46,16
En línea,57,Bajo,Licenciatura,22,54,8
En línea,49,Bajo,Bachillerato,12,28,2
En línea,51,Alto,Bachillerato,15,30,6
Presencial,52,Medio,Posgrado,17,49,7
En línea,36,Bajo,Bachillerato,11,27,4
En línea,49,Bajo,Posgrado,32,67,13
En línea,46,Bajo,Bachillerato,10,20,12
Presencial,43,Medio,Bachillerato,15,25,12
En línea,49,Medio,Bachillerato,17,30,9
En línea,63,Medio,Posgrado,28,63,9
Presencial,55,Alto,Licenciatura,20,46,10
En línea,47,Medio,Bachillerato,10,29,14
Presencial,55,Alto,Licenciatura,18,47,1
Presencial,60,Bajo,Licenciatura,23,36,8
En línea,57,Medio,Posgrado,30,64,12
En línea,51,Medio,Licenciatura,17,45,17
Presencial,46,Bajo,Bachillerato,16,19,4
En línea,55,Alto,Licenciatura,23,51,2
Presencial,53,Alto,Licenciatura,9,49,3
En línea,57,Bajo,Licenciatura,25,47,14
En línea,55,Bajo,Licenciatura,18,47,3
Presencial,58,Alto,Bachillerato,17,25,6
Presencial,47,Alto,Posgrado,35,56,7
En línea,60,Medio,Bachillerato,8,18,14
En línea,52,Bajo,Bachillerato,11,24,6
Presencial,65,Alto,Licenciatura,18,33,15
Presencial,46,Medio,Posgrado,26,66,5
En línea,63,Medio,Licenciatura,28,47,7
En línea,52,Bajo,Posgrado,25,60,17
En línea,46,Bajo,Licenciatura,17,49,2
Presencial,47,Bajo,Posgrado,31,53,4
Presencial,48,Alto,Licenciatura,13,35,9
En línea,53,Medio,Licenciatura,18,45,6
Presencial,54,Bajo,Bachillerato,16,29,15
Presencial,46,Medio,Licenciatura,18,42,1
En línea,50,Alto,Bachillerato,14,30,4
En línea,65,Medio,Bachillerato,12,28,7
Presencial,63,Alto,Licenciatura,12,40,16
Presencial,54,Alto,Licenciatura,21,42,4
Presencial,51,Bajo,Posgrado,38,56,11
En línea,51,Alto,Bachillerato,15,29,16
Presencial,55,Bajo,Licenciatura,21,35,13
En línea,43,Alto,Posgrado,33,65,10
Presencial,49,Medio,Licenciatura,13,36,13
Presencial,39,Alto,Licenciatura,28,56,11
En línea,53,Bajo,Bachillerato,16,29,8
En línea,55,Alto,Bachillerato,23,24,7
En línea,47,Bajo,Posgrado,26,62,9
Presencial,62,Bajo,Posgrado,39,64,16
Presencial,42,Medio,Licenciatura,23,50,7
En línea,40,Medio,Licenciatura,22,43,10
Presencial,52,Medio,Licenciatura,21,33,5
En línea,58,Medio,Bachillerato,13,32,2
Presencial,62,Medio,Licenciatura,26,35,6
Presencial,47,Alto,Licenciatura,20,38,4
Presencial,58,Bajo,Bachillerato,5,20,14
Presencial,50,Medio,Bachillerato,9,22,5
En línea,49,Alto,Bachillerato,14,32,1
En línea,57,Alto,Posgrado,31,60,8
Presencial,55,Alto,Posgrado,29,57,14
Presencial,39,Bajo,Posgrado,36,60,8
En línea,61,Medio,Posgrado,20,61,1
En línea,60,Medio,Posgrado,30,64,3
En línea,46,Alto,Bachillerato,5,28,13
En línea,53,Alto,Bachillerato,18,34,14
Presencial,54,Medio,Posgrado,29,60,1
En línea,52,Medio,Licenciatura,22,48,11
Presencial,47,Alto,Licenciatura,15,31,5
En línea,46,Bajo,Licenciatura,26,48,12
Presencial,50,Bajo,Posgrado,35,62,13
Presencial,59,Medio,Licenciatura,22,45,6
Presencial,54,Bajo,Bachillerato,14,20,2
Presencial,48,Medio,Posgrado,32,56,17
En línea,56,Bajo,Bachillerato,11,25,8
Presencial,34,Alto,Licenciatura,24,44,7
Presencial,59,Alto,Posgrado,38,66,12
Presencial,38,Medio,Posgrado,35,58,6
En línea,48,Alto,Bachillerato,11,32,17
En línea,43,Medio,Bachillerato,16,30,10
Presencial,41,Medio,Bachillerato,8,21,7
Presencial,59,Bajo,Licenciatura,22,40,12
Presencial,47,Bajo,Posgrado,32,63,7
Presencial,53,Medio,Licenciatura,10,39,3
Presencial,50,Medio,Posgrado,24,68,7
En línea,54,Bajo,Posgrado,28,59,14
En línea,51,Alto,Posgrado,28,65,11
En línea,42,Alto,Licenciatura,13,41,5
En línea,57,Bajo,Licenciatura,21,41,5
Presencial,47,Medio,Licenciatura,21,41,6
En línea,40,Bajo,Bachillerato,14,29,17
En línea,48,Medio,Bachillerato,11,42,1
En línea,61,Bajo,Posgrado,35,64,13
En línea,56,Medio,Posgrado,38,60,15
Presencial,48,Medio,Licenciatura,17,41,4
Presencial,48,Medio,Posgrado,26,47,17
En línea,48,Alto,Licenciatura,22,46,3
Presencial,65,Bajo,Posgrado,28,58,13
En línea,53,Medio,Licenciatura,19,49,14
Presencial,54,Bajo,Posgrado,33,64,9
Presencial,58,Alto,Posgrado,20,53,15
En línea,52,Bajo,Bachillerato,21,30,10
Presencial,49,Alto,Bachillerato,15,20,17
Presencial,49,Bajo,Bachillerato,12,17,11
Presencial,50,Medio,Bachillerato,14,25,3
Presencial,50,Medio,Licenciatura,19,34,12
Presencial,56,Bajo,Bachillerato,6,19,8
Presencial,51,Alto,Bachillerato,22,21,2
En línea,56,Bajo,Licenciatura,20,48,2
Presencial,50,Alto,Bachillerato,17,34,15
Presencial,51,Medio,Bachillerato,19,19,17
En línea,37,Medio,Bachillerato,9,18,11
Presencial,57,Medio,Posgrado,32,58,14
Presencial,53,Bajo,Posgrado,28,58,6
En línea,57,Alto,Licenciatura,24,48,11
En línea,34,Bajo,Licenciatura,9,40,4
Presencial,65,Alto,Licenciatura,19,39,9
Presencial,50,Bajo,Licenciatura,16,41,16
En línea,58,Medio,Posgrado,32,69,11
En línea,43,Bajo,Licenciatura,22,36,10
En línea,55,Medio,Bachillerato,11,26,4
Presencial,43,Medio,Licenciatura,16,40,2
Presencial,46,Medio,Posgrado,29,54,8
En línea,64,Medio,Licenciatura,15,53,12
En línea,49,Medio,Bachillerato,19,27,5
En línea,52,Bajo,Bachillerato,13,28,6
En línea,57,Bajo,Posgrado,15,62,16
Presencial,54,Medio,Bachillerato,13,20,1
Presencial,52,Bajo,Licenciatura,14,29,14
Presencial,53,Alto,Posgrado,21,54,17
En línea,67,Alto,Bachillerato,8,32,17
Presencial,50,Bajo,Bachillerato,15,22,9
En línea,52,Medio,Licenciatura,26,43,14
En línea,58,Alto,Posgrado,31,68,7
Presencial,58,Medio,Licenciatura,16,38,11
Presencial,59,Alto,Licenciatura,22,39,4
En línea,55,Bajo,Posgrado,27,63,8
Presencial,42,Medio,Posgrado,26,61,10
Presencial,62,Alto,Bachillerato,9,34,8
En línea,42,Bajo,Bachillerato,6,30,16
Presencial,53,Bajo,Licenciatura,18,46,3
Presencial,45,Bajo,Licenciatura,20,38,14
Presencial,50,Medio,Licenciatura,19,35,16
En línea,53,Medio,Posgrado,27,63,2
En línea,53,Medio,Posgrado,25,63,4
Presencial,53,Bajo,Posgrado,33,54,2
En línea,62,Medio,Bachillerato,8,26,16
Presencial,54,Bajo,Posgrado,33,61,8
En línea,49,Bajo,Bachillerato,9,29,9
En línea,57,Bajo,Posgrado,26,65,8
En línea,59,Bajo,Licenciatura,12,45,5
Presencial,42,Alto,Bachillerato,12,21,2
Presencial,55,Medio,Licenciatura,24,39,12
Presencial,55,Alto,Licenciatura,22,35,14
Presencial,48,Medio,Posgrado,34,69,12
Presencial,60,Medio,Licenciatura,22,41,17
Presencial,49,Bajo,Posgrado,24,56,12
Presencial,51,Bajo,Licenciatura,18,35,7
Presencial,49,Alto,Licenciatura,16,54,10
Presencial,51,Bajo,Posgrado,36,55,11
En línea,43,Bajo,Posgrado,24,60,10
En línea,40,Medio,Bachillerato,19,32,14
Presencial,62,Medio,Licenciatura,24,45,7
En línea,45,Alto,Posgrado,39,71,4
Presencial,44,Medio,Bachillerato,12,32,14
Presencial,35,Medio,Licenciatura,23,44,10
En línea,46,Bajo,Posgrado,40,61,1
Presencial,41,Alto,Licenciatura,16,38,5
En línea,62,Medio,Licenciatura,12,45,16
En línea,58,Medio,Licenciatura,10,53,9
Presencial,46,Alto,Posgrado,33,52,4
En línea,66,Alto,Licenciatura,10,49,4
En línea,57,Bajo,Posgrado,28,64,15
Presencial,48,Alto,Licenciatura,22,45,3
En línea,34,Bajo,Bachillerato,15,28,12
En línea,67,Alto,Licenciatura,22,42,7
Presencial,41,Alto,Posgrado,31,63,11
En línea,39,Medio,Posgrado,36,69,15
Presencial,58,Medio,Posgrado,25,62,2
En línea,68,Alto,Bachillerato,11,28,1
Presencial,60,Medio,Licenciatura,16,36,12
Presencial,54,Alto,Bachillerato,19,17,12
En línea,55,Alto,Bachillerato,19,34,4
En línea,56,Bajo,Bachillerato,17,32,14
Presencial,56,Alto,Posgrado,35,55,5
Presencial,52,Medio,Licenciatura,14,36,5
Presencial,51,Medio,Licenciatura,28,41,6
En línea,50,Bajo,Licenciatura,27,40,2
Presencial,45,Bajo,Bachillerato,18,21,5
En línea,49,Medio,Posgrado,38,60,15
Presencial,39,Bajo,Licenciatura,11,36,5
En línea,50,Alto,Bachillerato,12,24,1
En línea,44,Medio,Bachillerato,11,20,6
En línea,43,Alto,Bachillerato,18,40,3
Presencial,52,Bajo,Licenciatura,14,45,10
En línea,60,Bajo,Licenciatura,23,43,8
Presencial,57,Bajo,Bachillerato,21,27,5
Presencial,40,Alto,Bachillerato,18,27,1
En línea,44,Medio,Bachillerato,16,35,16
Presencial,57,Bajo,Posgrado,25,53,13
Presencial,44,Bajo,Licenciatura,15,44,3
En línea,49,Medio,Bachillerato,21,28,5
Presencial,54,Medio,Licenciatura,23,35,11
Presencial,44,Medio,Bachillerato,14,27,4
En línea,51,Alto,Posgrado,27,69,6
Presencial,41,Alto,Licenciatura,9,50,3
Presencial,46,Medio,Licenciatura,14,33,17
En línea,53,Medio,Licenciatura,29,52,3
En línea,39,Bajo,Licenciatura,13,41,16
En línea,54,Medio,Licenciatura,20,49,6
En línea,50,Bajo,Licenciatura,25,40,6
En línea,54,Alto,Bachillerato,8,21,3
Presencial,52,Medio,Bachillerato,15,20,6
Presencial,60,Bajo,Licenciatura,24,42,4
Presencial,51,Bajo,Bachillerato,15,21,14
En línea,47,Medio,Bachillerato,29,36,6
En línea,51,Bajo,Bachillerato,6,31,9
En línea,54,Medio,Licenciatura,25,50,9
Presencial,51,Medio,Posgrado,29,66,12
En línea,51,Alto,Posgrado,33,66,14
Presencial,46,Medio,Licenciatura,22,35,2
Presencial,46,Alto,Bachillerato,11,30,11
En línea,41,Alto,Bachillerato,16,26,6
Presencial,63,Medio,Licenciatura,10,42,17
En línea,42,Medio,Posgrado,33,72,2
En línea,46,Bajo,Licenciatura,21,48,1
En línea,45,Bajo,Bachillerato,18,22,14
En línea,57,Alto,Posgrado,35,60,1
En línea,48,Medio,Posgrado,31,70,15
Presencial,59,Bajo,Bachillerato,15,23,10
Presencial,46,Medio,Posgrado,25,57,15
Presencial,52,Alto,Bachillerato,11,27,15
En línea,45,Bajo,Licenciatura,25,50,14
En línea,66,Bajo,Licenciatura,27,49,15
En línea,42,Medio,Posgrado,28,62,16
En línea,53,Alto,Posgrado,30,62,12
Presencial,55,Alto,Licenciatura,15,43,9
Presencial,53,Bajo,Licenciatura,25,45,9
En línea,49,Bajo,Licenciatura,23,45,8
En línea,50,Alto,Licenciatura,29,54,8
Presencial,51,Bajo,Bachillerato,10,22,3
Presencial,49,Bajo,Licenciatura,18,36,6
En línea,57,Bajo,Licenciatura,21,42,7
En línea,66,Alto,Bachillerato,18,25,15
En línea,47,Medio,Bachillerato,13,27,11
Presencial,41,Alto,Bachillerato,10,29,3
Presencial,50,Alto,Posgrado,34,56,6
Presencial,68,Alto,Licenciatura,23,42,8
En línea,45,Bajo,Posgrado,25,59,8
Presencial,62,Alto,Posgrado,36,59,12
En línea,62,Medio,Bachillerato,20,23,14
En línea,47,Bajo,Posgrado,30,62,9
En línea,54,Alto,Licenciatura,20,45,11
Presencial,62,Bajo,Licenciatura,22,44,15
En línea,48,Bajo,Bachillerato,10,29,4
Presencial,49,Medio,Posgrado,30,53,13
Presencial,46,Bajo,Licenciatura,9,43,5
Presencial,43,Medio,Bachillerato,19,26,4
En línea,46,Bajo,Posgrado,22,62,2
Presencial,42,Alto,Licenciatura,27,43,6
Presencial,51,Alto,Posgrado,28,55,2
En línea,45,Bajo,Posgrado,28,64,6
Presencial,52,Bajo,Licenciatura,16,42,2
En línea,40,Alto,Posgrado,28,54,6
Presencial,53,Bajo,Bachillerato,22,23,5
Presencial,56,Medio,Bachillerato,2,19,10
Presencial,37,Bajo,Posgrado,36,62,5
En línea,53,Medio,Bachillerato,16,35,17
En línea,59,Medio,Bachillerato,8,23,14
En línea,42,Medio,Posgrado,24,59,14
En línea,62,Bajo,Bachillerato,23,29,8
Presencial,53,Medio,Licenciatura,15,35,16
En línea,46,Bajo,Licenciatura,14,42,16
En línea,50,Bajo,Bachillerato,20,34,7
En línea,54,Bajo,Licenciatura,21,41,5
Presencial,51,Alto,Bachillerato,10,25,3
Presencial,54,Alto,Bachillerato,16,16,13
Presencial,44,Bajo,Bachillerato,9,19,4
En línea,52,Bajo,Licenciatura,25,45,16
En línea,41,Alto,Posgrado,35,73,8
En línea,50,Bajo,Bachillerato,17,28,11
En línea,44,Alto,Licenciatura,21,35,5
En línea,45,Bajo,Posgrado,38,56,11
En línea,59,Medio,Posgrado,29,63,7
Presencial,58,Alto,Licenciatura,14,42,16
En línea,55,Alto,Posgrado,32,66,4
En línea,43,Bajo,Bachillerato,25,33,10
Presencial,48,Medio,Posgrado,24,63,9
En línea,59,Alto,Licenciatura,18,42,12
En línea,51,Medio,Licenciatura,22,51,16
Presencial,67,Alto,Bachillerato,14,16,8
Presencial,53,Medio,Bachillerato,10,18,7
Presencial,52,Medio,Posgrado,35,51,3
Presencial,48,Alto,Posgrado,40,60,6
En línea,51,Bajo,Licenciatura,20,45,7
En línea,49,Bajo,Posgrado,25,63,2
En línea,55,Bajo,Licenciatura,12,43,5
Presencial,57,Bajo,Posgrado,31,54,2
En línea,45,Alto,Bachillerato,20,30,13
En línea,41,Medio,Licenciatura,22,39,6
En línea,38,Alto,Posgrado,29,70,12
En línea,54,Bajo,Licenciatura,17,43,4
Presencial,43,Bajo,Bachillerato,9,20,13
En línea,35,Alto,Bachillerato,19,38,13
En línea,53,Alto,Bachillerato,19,24,11
Presencial,68,Medio,Bachillerato,7,16,1
En línea,50,Alto,Posgrado,37,60,16
En línea,56,Alto,Posgrado,32,64,5
Presencial,51,Medio,Licenciatura,26,44,17
En línea,50,Bajo,Licenciatura,13,47,16
Presencial,57,Alto,Licenciatura,13,51,15
En línea,48,Medio,Bachillerato,14,17,4
En línea,52,Alto,Posgrado,32,67,11
En línea,53,Bajo,Licenciatura,28,45,5
En línea,46,Alto,Licenciatura,23,43,5
Presencial,57,Medio,Posgrado,28,55,5
En línea,49,Medio,Licenciatura,14,39,16
Presencial,45,Alto,Licenciatura,26,51,3
En línea,54,Alto,Posgrado,25,66,7
En línea,44,Alto,Bachillerato,23,32,7
En línea,51,Medio,Posgrado,28,70,10
Presencial,50,Medio,Licenciatura,27,35,13
En línea,58,Bajo,Posgrado,33,58,11
En línea,54,Medio,Posgrado,29,52,4
En línea,50,Medio,Posgrado,27,59,13
Presencial,56,Alto,Licenciatura,18,41,11
En línea,60,Alto,Licenciatura,22,47,15
En línea,54,Bajo,Licenciatura,20,46,10
Presencial,51,Bajo,Posgrado,27,51,7
Presencial,41,Alto,Licenciatura,19,44,7
Presencial,43,Bajo,Posgrado,30,60,14
Presencial,48,Medio,Bachillerato,4,24,14
En línea,46,Alto,Posgrado,32,55,17
En línea,49,Bajo,Posgrado,25,64,13
En línea,51,Bajo,Licenciatura,14,38,16
Presencial,54,Medio,Bachillerato,6,19,17
Presencial,50,Alto,Bachillerato,6,24,10
Presencial,54,Bajo,Licenciatura,13,39,17
Presencial,51,Bajo,Licenciatura,16,35,13
En línea,37,Bajo,Bachillerato,24,32,14
En línea,44,Alto,Licenciatura,17,37,4
En línea,49,Medio,Posgrado,30,69,1
En línea,42,Bajo,Posgrado,32,63,11
Presencial,55,Bajo,Posgrado,30,64,16
En línea,61,Alto,Posgrado,29,61,16
Presencial,59,Bajo,Licenciatura,14,36,6
Presencial,49,Medio,Bachillerato,22,22,17
Presencial,61,Alto,Bachillerato,24,31,8
En línea,52,Alto,Licenciatura,11,39,7
Presencial,48,Medio,Bachillerato,9,25,11
Presencial,46,Bajo,Licenciatura,18,38,12
En línea,48,Bajo,Posgrado,25,52,11
Presencial,48,Medio,Bachillerato,17,22,14
En línea,52,Bajo,Bachillerato,11,22,12
Presencial,52,Alto,Bachillerato,25,27,1
En línea,51,Bajo,Posgrado,35,59,13
Presencial,54,Medio,Bachillerato,16,29,2
En línea,59,Bajo,Bachillerato,20,30,17
En línea,57,Medio,Posgrado,35,64,13
En línea,40,Alto,Posgrado,27,66,6
Presencial,34,Medio,Bachillerato,10,27,11
En línea,57,Bajo,Posgrado,30,63,7
Presencial,41,Bajo,Licenciatura,24,38,14
En línea,49,Bajo,Posgrado,30,55,10
En línea,42,Medio,Posgrado,22,58,15
En línea,38,Medio,Bachillerato,10,24,3
Presencial,54,Bajo,Licenciatura,19,41,4
Presencial,56,Bajo,Licenciatura,19,38,3
Presencial,46,Bajo,Posgrado,39,65,16
Presencial,34,Medio,Posgrado,23,53,5
Presencial,47,Bajo,Bachillerato,17,24,9
En línea,53,Bajo,Bachillerato,22,37,15
Presencial,40,Bajo,Posgrado,40,63,8
En línea,52,Medio,Bachillerato,12,28,8
En línea,50,Medio,Posgrado,32,61,7
En línea,55,Medio,Licenciatura,22,43,8
Presencial,51,Bajo,Posgrado,30,54,3
Presencial,44,Bajo,Licenciatura,19,37,3
Presencial,59,Alto,Posgrado,32,63,5
En línea,49,Medio,Licenciatura,7,40,17
Presencial,50,Bajo,Bachillerato,18,18,12
En línea,44,Medio,Posgrado,30,72,15
Presencial,47,Alto,Licenciatura,18,41,17
Presencial,44,Alto,Licenciatura,30,36,8
Presencial,49,Bajo,Bachillerato,11,21,6
En línea,62,Bajo,Licenciatura,17,45,1
Presencial,41,Medio,Bachillerato,24,35,11
En línea,39,Alto,Licenciatura,15,38,13
Presencial,61,Bajo,Licenciatura,17,44,12
Presencial,49,Alto,Bachillerato,14,31,8
En línea,46,Alto,Posgrado,34,62,16
En línea,58,Medio,Licenciatura,21,44,11
Presencial,46,Medio,Posgrado,23,51,13
Presencial,63,Alto,Licenciatura,17,39,2
En línea,55,Bajo,Licenciatura,16,44,17
Presencial,47,Alto,Posgrado,29,61,7
En línea,66,Bajo,Posgrado,32,70,2
En línea,46,Bajo,Posgrado,32,60,5
En línea,56,Medio,Posgrado,21,51,9
En línea,53,Medio,Posgrado,35,65,10
Presencial,60,Medio,Bachillerato,16,26,6
Presencial,61,Alto,Bachillerato,21,27,6
En línea,51,Bajo,Posgrado,32,62,12
Presencial,45,Bajo,Licenciatura,25,43,8
En línea,54,Bajo,Licenciatura,22,54,2
Presencial,46,Medio,Bachillerato,21,28,17
Presencial,65,Medio,Bachillerato,17,23,7
Presencial,51,Medio,Bachillerato,14,21,2
En línea,48,Medio,Bachillerato,26,31,10
Presencial,52,Bajo,Posgrado,34,68,12
Presencial,41,Bajo,Licenciatura,22,40,7
En línea,44,Medio,Licenciatura,13,43,11
En línea,59,Bajo,Bachillerato,8,24,2
En línea,46,Bajo,Bachillerato,16,35,4
En línea,43,Bajo,Licenciatura,20,55,8
Presencial,54,Bajo,Bachillerato,11,25,10
En línea,59,Bajo,Posgrado,30,64,3
Presencial,56,Alto,Posgrado,37,61,16
En línea,57,Bajo,Posgrado,33,52,15
Presencial,45,Bajo,Licenciatura,14,42,15
En línea,41,Alto,Posgrado,29,64,15
En línea,61,Medio,Posgrado,25,64,11
En línea,48,Bajo,Bachillerato,13,25,17
Presencial,49,Alto,Licenciatura,17,38,1
En línea,60,Medio,Licenciatura,17,43,3
En línea,54,Medio,Posgrado,23,67,3
En línea,54,Alto,Posgrado,29,61,4
Presencial,66,Medio,Licenciatura,17,50,13
Presencial,46,Alto,Licenciatura,5,38,3
En línea,57,Bajo,Bachillerato,25,26,9
Presencial,51,Bajo,Licenciatura,25,41,13
En línea,52,Bajo,Licenciatura,18,42,4
Presencial,61,Bajo,Bachillerato,15,13,5
En línea,54,Medio,Licenciatura,14,52,3
En línea,54,Bajo,Licenciatura,28,51,2
Presencial,58,Bajo,Licenciatura,29,46,4
En línea,48,Medio,Posgrado,30,64,13
En línea,45,Bajo,Licenciatura,25,40,12
En línea,43,Alto,Licenciatura,20,43,10
En línea,37,Medio,Licenciatura,13,48,8
Presencial,65,Medio,Licenciatura,17,34,7
Presencial,43,Bajo,Posgrado,30,46,6
En línea,49,Bajo,Posgrado,27,61,15
Presencial,49,Bajo,Bachillerato,13,23,9
En línea,53,Medio,Bachillerato,14,29,3
En línea,56,Bajo,Bachillerato,14,32,1
Presencial,57,Medio,Bachillerato,15,27,9
Presencial,46,Bajo,Bachillerato,9,23,6
En línea,49,Alto,Bachillerato,11,34,5
En línea,52,Bajo,Licenciatura,13,36,12
Presencial,49,Alto,Posgrado,34,62,12
En línea,62,Alto,Licenciatura,9,45,11
En línea,54,Medio,Licenciatura,25,41,1
Presencial,56,Medio,Posgrado,36,53,4
Presencial,55,Alto,Posgrado,28,54,4
En línea,59,Bajo,Licenciatura,6,38,15
Presencial,52,Alto,Licenciatura,18,44,2
En línea,41,Bajo,Licenciatura,19,42,1
Presencial,53,Alto,Bachillerato,9,18,1
Presencial,46,Alto,Licenciatura,17,37,17
En línea,47,Bajo,Licenciatura,27,53,3
Presencial,55,Alto,Posgrado,33,59,4
En línea,59,Bajo,Licenciatura,15,43,15
Presencial,51,Medio,Licenciatura,12,38,4
Presencial,53,Medio,Posgrado,28,64,8
En línea,62,Alto,Bachillerato,13,25,14
En línea,52,Bajo,Posgrado,32,71,14
Presencial,68,Medio,Licenciatura,17,41,7
Presencial,54,Medio,Licenciatura,22,40,16
Presencial,38,Bajo,Licenciatura,29,56,8
En línea,56,Alto,Bachillerato,19,25,7
En línea,53,Bajo,Licenciatura,19,43,17
Presencial,60,Medio,Bachillerato,14,18,9
En línea,55,Medio,Bachillerato,13,33,3
En línea,50,Alto,Licenciatura,25,55,14
Presencial,42,Bajo,Posgrado,26,66,4
En línea,49,Bajo,Bachillerato,15,35,14
Presencial,45,Bajo,Bachillerato,15,23,7
Presencial,46,Bajo,Licenciatura,17,38,12
Presencial,55,Bajo,Posgrado,23,48,12
En línea,62,Medio,Licenciatura,21,56,3
Presencial,53,Bajo,Posgrado,29,61,9
Presencial,42,Medio,Posgrado,32,57,7
En línea,54,Alto,Posgrado,27,69,15
Presencial,59,Alto,Bachillerato,21,21,3
En línea,46,Alto,Posgrado,25,64,13
En línea,50,Medio,Licenciatura,28,47,7
En línea,51,Bajo,Posgrado,21,64,9
En línea,45,Bajo,Bachillerato,17,29,3
Presencial,55,Alto,Licenciatura,22,34,3
En línea,50,Bajo,Licenciatura,16,45,14
En línea,53,Alto,Bachillerato,17,35,11
En línea,44,Alto,Bachillerato,21,31,13
En línea,47,Medio,Posgrado,18,64,15
Presencial,56,Bajo,Posgrado,32,54,10
Presencial,48,Medio,Licenciatura,7,36,7
En línea,63,Medio,Posgrado,25,59,10
Presencial,48,Medio,Licenciatura,28,47,14
Presencial,52,Alto,Licenciatura,17,40,1
Presencial,57,Bajo,Posgrado,24,60,12
En línea,41,Alto,Licenciatura,19,51,14
Presencial,38,Bajo,Licenciatura,30,47,1
Presencial,40,Alto,Posgrado,20,57,15
En línea,59,Bajo,Licenciatura,14,39,9
En línea,47,Medio,Bachillerato,22,31,3
En línea,68,Medio,Posgrado,39,64,11
Presencial,47,Medio,Posgrado,29,56,17
Presencial,52,Alto,Posgrado,23,55,10
Presencial,61,Bajo,Bachillerato,25,22,1
Presencial,65,Medio,Licenciatura,27,33,7
En línea,65,Medio,Posgrado,33,61,8
En línea,59,Bajo,Bachillerato,10,28,6
En línea,58,Alto,Licenciatura,19,38,10
Presencial,55,Medio,Licenciatura,19,40,3
En línea,56,Medio,Posgrado,31,73,7
En línea,47,Alto,Posgrado,37,71,8
Presencial,45,Medio,Licenciatura,24,50,10
En línea,50,Alto,Licenciatura,14,46,12
Presencial,49,Bajo,Bachillerato,21,32,13
Presencial,47,Bajo,Posgrado,31,55,12
En línea,55,Medio,Licenciatura,23,43,2
Presencial,57,Medio,Licenciatura,27,29,5
En línea,51,Medio,Posgrado,24,68,1
Presencial,61,Bajo,Posgrado,29,66,13
En línea,43,Alto,Bachillerato,12,25,17
En línea,49,Medio,Licenciatura,12,42,15
Presencial,45,Alto,Posgrado,31,55,9
En línea,37,Bajo,Licenciatura,32,51,14
En línea,50,Alto,Posgrado,20,66,7
Presencial,50,Medio,Posgrado,29,49,2
En línea,61,Alto,Licenciatura,23,48,5
En línea,55,Medio,Posgrado,30,62,11
En línea,43,Bajo,Licenciatura,19,46,12
En línea,63,Alto,Bachillerato,8,29,13
En línea,59,Medio,Licenciatura,21,45,1
En línea,55,Medio,Licenciatura,16,44,14
Presencial,49,Bajo,Bachillerato,4,20,14
Presencial,44,Alto,Licenciatura,25,47,10
En línea,48,Medio,Bachillerato,19,32,14
En línea,58,Alto,Posgrado,30,65,15
En línea,64,Bajo,Posgrado,31,57,12
En línea,61,Alto,Bachillerato,20,29,9
Presencial,47,Alto,Licenciatura,21,45,9
En línea,43,Medio,Licenciatura,24,47,9
En línea,51,Bajo,Posgrado,28,66,5
En línea,38,Bajo,Bachillerato,21,40,7
En línea,53,Medio,Licenciatura,21,51,14
Presencial,49,Medio,Posgrado,30,59,8
En línea,47,Medio,Licenciatura,13,41,14
En línea,39,Medio,Licenciatura,21,33,9
Presencial,54,Medio,Posgrado,25,56,6
Presencial,47,Bajo,Licenciatura,16,38,2
Presencial,42,Bajo,Licenciatura,15,41,1
En línea,34,Medio,Bachillerato,9,26,5
Presencial,50,Medio,Bachillerato,25,25,13
Presencial,63,Bajo,Posgrado,36,51,1
En línea,62,Bajo,Licenciatura,29,44,16
En línea,47,Bajo,Posgrado,23,64,14
Presencial,46,Medio,Bachillerato,15,33,11
En línea,54,Alto,Licenciatura,13,43,4
Presencial,44,Alto,Posgrado,26,59,11
Presencial,53,Medio,Licenciatura,15,44,1
Presencial,56,Alto,Bachillerato,21,22,14
En línea,59,Bajo,Posgrado,28,65,13
En línea,50,Alto,Licenciatura,25,43,15
En línea,49,Bajo,Licenciatura,23,51,8
En línea,44,Alto,Licenciatura,31,50,1
En línea,45,Medio,Licenciatura,12,45,8
En línea,49,Medio,Posgrado,36,61,15
Presencial,53,Bajo,Licenciatura,25,46,17
Presencial,57,Alto,Licenciatura,15,49,8
En línea,45,Alto,Bachillerato,20,25,4
Presencial,61,Alto,Licenciatura,21,39,16
En línea,49,Medio,Licenciatura,18,46,13
En línea,50,Medio,Posgrado,25,66,15
Presencial,45,Medio,Posgrado,26,55,4
En línea,34,Alto,Posgrado,40,52,7
En línea,57,Medio,Posgrado,30,70,10
En línea,56,Medio,Bachillerato,18,34,13
En línea,49,Bajo,Licenciatura,16,36,2
En línea,51,Alto,Licenciatura,16,41,14
En línea,54,Bajo,Licenciatura,25,55,8
En línea,40,Bajo,Posgrado,23,69,8
En línea,47,Bajo,Bachillerato,12,33,2
Presencial,56,Alto,Bachillerato,15,23,3
Presencial,42,Bajo,Licenciatura,20,41,12
Presencial,53,Alto,Bachillerato,14,23,15
Presencial,41,Alto,Licenciatura,21,46,15
Presencial,54,Bajo,Bachillerato,18,21,2
En línea,50,Medio,Posgrado,33,60,15
En línea,39,Bajo,Bachillerato,10,33,7
En línea,59,Alto,Licenciatura,18,45,6
En línea,45,Bajo,Bachillerato,20,37,17
Presencial,45,Alto,Posgrado,34,56,9
Presencial,52,Bajo,Licenciatura,13,38,5
En línea,59,Medio,Posgrado,31,59,15
Presencial,43,Alto,Licenciatura,10,38,16
Presencial,51,Bajo,Licenciatura,20,33,16
En línea,54,Bajo,Bachillerato,24,29,11
Presencial,55,Bajo,Posgrado,25,50,15
Presencial,52,Alto,Posgrado,25,60,2
Presencial,48,Medio,Posgrado,33,63,9
En línea,45,Bajo,Licenciatura,12,34,11
En línea,51,Bajo,Posgrado,26,69,17
En línea,43,Alto,Posgrado,32,77,7
Presencial,34,Medio,Licenciatura,16,40,15
En línea,54,Medio,Licenciatura,18,42,7
En línea,57,Bajo,Licenciatura,23,61,5
Presencial,34,Bajo,Licenciatura,22,35,5
Presencial,43,Medio,Bachillerato,16,24,6
Presencial,55,Medio,Posgrado,28,59,8
En línea,65,Alto,Licenciatura,21,53,10
En línea,51,Medio,Posgrado,29,65,5
Presencial,45,Medio,Bachillerato,17,22,9
Presencial,49,Alto,Licenciatura,17,35,3
Presencial,60,Bajo,Posgrado,29,56,7
En línea,46,Alto,Licenciatura,15,39,15
Presencial,45,Alto,Posgrado,29,58,3
Presencial,47,Medio,Posgrado,25,54,14
Presencial,44,Alto,Bachillerato,9,15,10
Presencial,51,Alto,Licenciatura,21,47,3
Presencial,62,Bajo,Licenciatura,21,38,16
Presencial,53,Alto,Bachillerato,18,19,13
Presencial,49,Bajo,Licenciatura,17,39,14
En línea,48,Medio,Bachillerato,17,30,6
En línea,40,Alto,Bachillerato,17,21,2
En línea,57,Bajo,Posgrado,32,66,5
Presencial,50,Alto,Licenciatura,15,34,11
En línea,49,Alto,Posgrado,30,72,8
Presencial,68,Medio,Bachillerato,16,27,11
En línea,53,Bajo,Posgrado,30,62,13
Presencial,45,Medio,Bachillerato,4,17,12
En línea,48,Alto,Posgrado,30,63,5
En línea,59,Bajo,Licenciatura,31,52,2
En línea,51,Alto,Posgrado,28,63,13
En línea,40,Medio,Bachillerato,11,27,7
En línea,57,Alto,Bachillerato,16,30,6
Presencial,46,Medio,Posgrado,31,56,6
Presencial,64,Medio,Licenciatura,25,40,13
En línea,58,Alto,Licenciatura,13,33,8
Presencial,47,Alto,Bachillerato,18,30,5
Presencial,59,Alto,Licenciatura,22,43,10
En línea,51,Bajo,Licenciatura,19,41,17
En línea,56,Alto,Bachillerato,16,39,16
En línea,54,Medio,Posgrado,35,65,14
Presencial,45,Alto,Bachillerato,19,20,1
Presencial,46,Medio,Licenciatura,14,43,16
Presencial,58,Medio,Licenciatura,24,44,3
En línea,48,Alto,Posgrado,29,65,12
En línea,48,Medio,Bachillerato,15,27,16
En línea,44,Medio,Bachillerato,15,31,15
En línea,53,Bajo,Licenciatura,19,44,5
Presencial,65,Bajo,Licenciatura,25,45,1
En línea,43,Alto,Licenciatura,19,36,4
Presencial,51,Bajo,Posgrado,24,55,1
Presencial,60,Medio,Bachillerato,13,32,9
En línea,50,Bajo,Posgrado,30,60,2
En línea,54,Bajo,Licenciatura,26,44,2
En línea,43,Alto,Licenciatura,23,44,15
Presencial,53,Alto,Posgrado,25,51,13
En línea,49,Bajo,Licenciatura,32,38,15
En línea,57,Alto,Posgrado,31,63,5
Presencial,59,Medio,Licenciatura,26,43,4
En línea,68,Bajo,Licenciatura,19,45,3
En línea,55,Bajo,Bachillerato,17,29,13
Presencial,53,Alto,Bachillerato,19,25,15
En línea,52,Alto,Bachillerato,21,36,16
Presencial,48,Bajo,Bachillerato,20,25,3
En línea,53,Medio,Licenciatura,24,44,10
Presencial,48,Bajo,Posgrado,28,56,3
En línea,52,Alto,Licenciatura,17,47,10
En línea,60,Bajo,Posgrado,31,71,7
En línea,43,Bajo,Licenciatura,24,44,9
En línea,58,Bajo,Bachillerato,13,29,11
En línea,60,Bajo,Licenciatura,25,49,17
Presencial,50,Bajo,Bachillerato,22,21,4
En línea,36,Alto,Licenciatura,15,44,14
En línea,46,Bajo,Posgrado,25,55,6
En línea,60,Medio,Posgrado,29,54,5
En línea,50,Medio,Licenciatura,21,48,15
Presencial,44,Alto,Licenciatura,17,38,2
Presencial,47,Alto,Posgrado,36,61,14
En línea,56,Alto,Licenciatura,22,46,14
En línea,54,Medio,Licenciatura,20,41,16
En línea,49,Medio,Bachillerato,7,26,13
Presencial,48,Medio,Licenciatura,13,32,7
Presencial,48,Bajo,Bachillerato,16,31,13
Presencial,44,Alto,Licenciatura,9,30,13
En línea,62,Bajo,Bachillerato,20,30,17
En línea,48,Medio,Posgrado,29,58,2
En línea,59,Alto,Posgrado,40,69,17
Presencial,61,Alto,Posgrado,40,60,6
Presencial,57,Medio,Licenciatura,19,38,4
Presencial,47,Alto,Licenciatura,19,44,7
En línea,53,Alto,Posgrado,34,65,1
En línea,50,Alto,Bachillerato,23,34,4
En línea,44,Alto,Bachillerato,6,21,2
Presencial,53,Medio,Licenciatura,11,31,3
En línea,42,Bajo,Bachillerato,11,28,6
Presencial,59,Medio,Posgrado,32,58,5
Presencial,47,Bajo,Posgrado,32,62,4
Presencial,52,Medio,Posgrado,35,60,13
Presencial,52,Bajo,Licenciatura,14,40,6
Presencial,49,Medio,Licenciatura,8,29,8
En línea,55,Bajo,Bachillerato,19,40,6
En línea,47,Bajo,Licenciatura,15,43,6
Presencial,57,Alto,Licenciatura,9,41,15
En línea,41,Alto,Licenciatura,20,41,12
En línea,51,Alto,Licenciatura,23,48,12
En línea,64,Alto,Posgrado,29,57,9
En línea,43,Alto,Posgrado,27,65,5
En línea,46,Medio,Bachillerato,14,27,2
Presencial,54,Medio,Licenciatura,18,40,2
Presencial,52,Bajo,Bachillerato,8,25,17
En línea,53,Medio,Bachillerato,11,22,13
En línea,54,Medio,Licenciatura,22,43,5
Presencial,55,Alto,Licenciatura,21,43,16
En línea,58,Alto,Licenciatura,20,56,13
En línea,53,Alto,Posgrado,25,61,10
Presencial,49,Medio,Bachillerato,14,27,3
Presencial,55,Medio,Posgrado,19,55,2
En línea,64,Bajo,Licenciatura,20,55,2
En línea,50,Bajo,Bachillerato,22,22,11
Presencial,44,Alto,Licenciatura,12,39,4
En línea,58,Alto,Licenciatura,17,36,9
Presencial,50,Alto,Licenciatura,21,28,17
Presencial,35,Alto,Licenciatura,26,44,1
Presencial,56,Alto,Licenciatura,17,40,2
En línea,47,Bajo,Posgrado,26,61,15
Presencial,50,Medio,Posgrado,20,55,5
Presencial,53,Medio,Licenciatura,20,56,4
Presencial,52,Bajo,Licenciatura,30,42,6
Presencial,55,Alto,Licenciatura,21,43,16
En línea,47,Medio,Posgrado,29,60,14
En línea,54,Medio,Posgrado,31,65,9
Presencial,49,Alto,Posgrado,29,57,14
En línea,56,Alto,Bachillerato,10,25,13
Presencial,55,Alto,Bachillerato,19,34,6
En línea,44,Medio,Bachillerato,16,35,3
En línea,58,Bajo,Posgrado,30,64,10
En línea,47,Medio,Licenciatura,15,32,4
Presencial,56,Alto,Posgrado,36,58,15
Presencial,53,Alto,Licenciatura,23,55,15
En línea,63,Bajo,Posgrado,27,61,6
Presencial,49,Bajo,Licenciatura,25,48,7
En línea,48,Bajo,Licenciatura,17,52,15
En línea,50,Alto,Bachillerato,11,29,16
En línea,48,Bajo,Licenciatura,16,40,6
Presencial,56,Alto,Licenciatura,11,26,10
Presencial,39,Alto,Licenciatura,22,45,1
En línea,43,Bajo,Bachillerato,5,22,1
En línea,43,Alto,Posgrado,23,62,9
Presencial,57,Bajo,Posgrado,19,49,8
Presencial,62,Bajo,Posgrado,29,57,4
Presencial,50,Medio,Bachillerato,14,24,12
En línea,49,Medio,Bachillerato,13,30,4
En línea,51,Bajo,Licenciatura,14,38,13
En línea,59,Medio,Bachillerato,9,33,3
Presencial,44,Alto,Licenciatura,22,38,16
Presencial,52,Bajo,Licenciatura,17,31,4
Presencial,57,Alto,Posgrado,31,58,5
Presencial,54,Bajo,Posgrado,25,57,4
Presencial,52,Alto,Licenciatura,20,41,6
Presencial,58,Alto,Licenciatura,26,49,10
Presencial,34,Bajo,Licenciatura,22,40,5
Presencial,55,Bajo,Bachillerato,12,23,16
Presencial,46,Medio,Licenciatura,21,35,6
Presencial,38,Bajo,Bachillerato,13,28,13
Presencial,54,Bajo,Posgrado,30,59,2
Presencial,60,Alto,Licenciatura,18,38,2
En línea,50,Bajo,Licenciatura,19,36,9
Presencial,57,Alto,Licenciatura,21,48,16
Presencial,62,Bajo,Licenciatura,15,33,2
En línea,60,Bajo,Posgrado,24,59,13
En línea,62,Medio,Posgrado,23,63,17
En línea,56,Bajo,Licenciatura,11,37,6
Presencial,51,Alto,Posgrado,23,49,15
En línea,39,Alto,Posgrado,30,53,17
Presencial,49,Medio,Licenciatura,15,43,12
En línea,45,Alto,Posgrado,32,61,5
En línea,66,Medio,Licenciatura,20,60,3
En línea,49,Alto,Posgrado,20,56,6
En línea,51,Medio,Posgrado,33,60,2
Presencial,54,Alto,Posgrado,34,57,3
En línea,51,Alto,Posgrado,25,63,17
Presencial,62,Bajo,Bachillerato,17,22,1
En línea,46,Medio,Posgrado,25,65,12
Presencial,52,Alto,Bachillerato,15,19,16
Presencial,45,Alto,Bachillerato,8,15,6
Presencial,41,Medio,Licenciatura,11,29,9
En línea,46,Medio,Posgrado,28,52,10
En línea,50,Bajo,Bachillerato,14,26,13
En línea,47,Alto,Licenciatura,18,43,8
Presencial,46,Bajo,Posgrado,24,54,8
Presencial,41,Bajo,Bachillerato,13,30,4
Presencial,50,Bajo,Posgrado,31,65,12
En línea,40,Alto,Bachillerato,14,27,11
En línea,56,Alto,Posgrado,30,55,16
Presencial,51,Alto,Bachillerato,11,20,16
En línea,40,Bajo,Licenciatura,25,44,10
Presencial,48,Bajo,Licenciatura,14,35,2
Presencial,45,Medio,Licenciatura,22,38,7
En línea,53,Alto,Licenciatura,25,44,11
Presencial,60,Alto,Bachillerato,17,23,17
Presencial,37,Medio,Licenciatura,18,37,8
En línea,51,Medio,Licenciatura,17,46,1
En línea,49,Bajo,Posgrado,35,67,8
En línea,55,Medio,Bachillerato,7,22,10
Presencial,52,Alto,Posgrado,25,63,6
Presencial,45,Bajo,Licenciatura,18,35,11
Presencial,48,Alto,Bachillerato,21,18,4
En línea,45,Bajo,Posgrado,31,66,8
En línea,58,Medio,Posgrado,25,58,13
En línea,51,Bajo,Bachillerato,13,30,11
Presencial,64,Alto,Licenciatura,16,27,5
En línea,50,Alto,Bachillerato,11,35,5
Presencial,46,Bajo,Licenciatura,24,45,10
Presencial,40,Medio,Posgrado,23,49,7
Presencial,38,Alto,Licenciatura,28,36,9
En línea,39,Medio,Bachillerato,19,39,13
En línea,52,Alto,Bachillerato,20,27,12
En línea,54,Bajo,Licenciatura,17,40,9
En línea,39,Medio,Licenciatura,19,34,2
Presencial,57,Bajo,Licenciatura,12,36,8
Presencial,47,Medio,Licenciatura,17,38,3
Presencial,52,Alto,Licenciatura,22,45,9
Presencial,62,Bajo,Licenciatura,26,35,8
En línea,57,Bajo,Posgrado,24,54,13
Presencial,49,Bajo,Posgrado,28,60,4
En línea,44,Bajo,Licenciatura,19,50,12
Presencial,35,Alto,Licenciatura,13,31,11
En línea,45,Medio,Bachillerato,17,35,10
En línea,49,Alto,Bachillerato,11,28,9
En línea,44,Medio,Posgrado,29,69,15
En línea,50,Medio,Posgrado,27,62,8
Presencial,51,Bajo,Posgrado,26,45,9
Presencial,49,Bajo,Bachillerato,14,23,16
Presencial,46,Bajo,Bachillerato,13,29,1
Presencial,52,Bajo,Posgrado,28,53,14
Presencial,54,Alto,Licenciatura,16,37,16
En línea,43,Bajo,Licenciatura,21,45,1
Presencial,60,Alto,Bachillerato,23,12,11
Presencial,50,Medio,Bachillerato,15,32,6
Presencial,51,Bajo,Licenciatura,24,37,2
En línea,55,Medio,Bachillerato,8,29,13
Presencial,52,Bajo,Posgrado,30,58,6
En línea,57,Bajo,Licenciatura,14,50,7
Presencial,53,Alto,Bachillerato,7,24,2
En línea,46,Alto,Bachillerato,11,27,8
En línea,53,Alto,Licenciatura,25,43,2
Presencial,42,Bajo,Posgrado,34,64,4
Presencial,51,Medio,Posgrado,31,49,7
Presencial,50,Alto,Licenciatura,12,41,7
Presencial,49,Medio,Licenciatura,19,35,6
Presencial,50,Alto,Posgrado,31,65,6
Presencial,37,Medio,Licenciatura,20,41,4
Presencial,47,Alto,Posgrado,20,59,15
En línea,51,Medio,Bachillerato,10,28,17
En línea,52,Alto,Licenciatura,19,36,17
Presencial,43,Alto,Licenciatura,22,37,17
Presencial,59,Bajo,Licenciatura,9,41,16
En línea,44,Bajo,Bachillerato,14,30,8
En línea,57,Bajo,Bachillerato,15,35,5
Presencial,53,Bajo,Posgrado,34,62,14
Presencial,46,Bajo,Posgrado,33,55,5
Presencial,63,Medio,Bachillerato,17,21,11
En línea,42,Alto,Posgrado,26,63,17
Presencial,57,Alto,Posgrado,20,44,15
En línea,58,Bajo,Licenciatura,18,53,12
Presencial,46,Medio,Posgrado,35,62,2
Presencial,60,Alto,Licenciatura,26,48,6
En línea,49,Bajo,Posgrado,33,56,6
Presencial,53,Alto,Bachillerato,17,31,17
En línea,52,Medio,Bachillerato,16,40,13
En línea,50,Medio,Licenciatura,17,38,11
Presencial,56,Medio,Licenciatura,19,44,10
En línea,56,Alto,Bachillerato,23,31,3
En línea,38,Bajo,Licenciatura,15,36,2
En línea,60,Bajo,Posgrado,38,68,3
En línea,39,Alto,Licenciatura,18,49,9
En línea,58,Medio,Bachillerato,21,28,10
En línea,58,Bajo,Bachillerato,7,32,15
Presencial,43,Bajo,Bachillerato,17,16,16
Presencial,48,Alto,Bachillerato,11,15,4
En línea,43,Bajo,Licenciatura,12,44,15
En línea,49,Medio,Posgrado,31,64,17
En línea,48,Bajo,Posgrado,35,61,3
En línea,56,Bajo,Posgrado,25,66,11
En línea,60,Alto,Licenciatura,12,46,6
Presencial,60,Alto,Licenciatura,19,44,14
Presencial,47,Medio,Posgrado,29,58,17
Presencial,49,Medio,Licenciatura,22,44,14
En línea,39,Medio,Posgrado,34,62,17
En línea,45,Bajo,Bachillerato,14,39,13
Presencial,57,Alto,Licenciatura,29,39,11
En línea,62,Bajo,Licenciatura,21,56,16
En línea,42,Bajo,Licenciatura,18,45,12
Presencial,46,Alto,Bachillerato,6,14,14
En línea,50,Alto,Posgrado,28,70,15
En línea,52,Medio,Bachillerato,13,29,4
En línea,45,Alto,Licenciatura,24,51,12
En línea,53,Alto,Bachillerato,17,36,3
En línea,47,Bajo,Licenciatura,14,45,14
En línea,50,Medio,Licenciatura,20,43,17
Presencial,54,Alto,Bachillerato,18,30,7
En línea,51,Medio,Licenciatura,27,48,1
En línea,47,Medio,Licenciatura,24,50,17
Presencial,50,Medio,Licenciatura,23,31,6
Presencial,50,Medio,Licenciatura,20,43,9
Presencial,48,Bajo,Licenciatura,21,38,10
Presencial,49,Medio,Licenciatura,26,51,5
En línea,62,Medio,Bachillerato,8,30,8
En línea,54,Medio,Licenciatura,18,46,15
Presencial,48,Bajo,Licenciatura,16,42,10
Presencial,55,Alto,Bachillerato,16,19,5
Presencial,48,Medio,Posgrado,36,68,2
Presencial,59,Medio,Licenciatura,17,50,13
Presencial,53,Alto,Licenciatura,8,39,1
En línea,50,Alto,Posgrado,27,71,16
Presencial,54,Alto,Posgrado,34,57,10
Presencial,40,Bajo,Bachillerato,17,21,16
En línea,43,Bajo,Licenciatura,22,46,3
En línea,42,Bajo,Licenciatura,18,47,3
Presencial,52,Bajo,Bachillerato,8,20,5
Presencial,63,Bajo,Bachillerato,17,27,1
Presencial,66,Medio,Bachillerato,10,24,16
Presencial,55,Medio,Licenciatura,30,39,11
Presencial,54,Medio,Licenciatura,22,44,5
Presencial,38,Alto,Licenciatura,17,44,8
Presencial,47,Bajo,Bachillerato,11,24,17
Presencial,45,Alto,Licenciatura,19,46,15
En línea,46,Bajo,Licenciatura,18,39,7
Presencial,49,Alto,Bachillerato,20,28,5
Presencial,47,Alto,Bachillerato,15,18,11
Presencial,37,Medio,Licenciatura,16,34,10
Presencial,56,Medio,Licenciatura,29,40,11
Presencial,43,Medio,Bachillerato,15,19,4
Presencial,52,Alto,Posgrado,33,57,8
Presencial,65,Bajo,Posgrado,26,56,12
Presencial,44,Alto,Bachillerato,16,28,8
Presencial,34,Alto,Posgrado,31,57,16
En línea,48,Alto,Bachillerato,5,18,10
En línea,58,Bajo,Posgrado,40,72,17
Presencial,64,Bajo,Posgrado,36,56,1
Presencial,42,Alto,Licenciatura,18,40,14
En línea,54,Medio,Licenciatura,14,46,2
En línea,47,Medio,Bachillerato,16,30,2
En línea,50,Bajo,Licenciatura,20,51,12
En línea,68,Medio,Posgrado,31,66,16
En línea,40,Alto,Bachillerato,15,25,16
En línea,52,Medio,Licenciatura,22,57,7
Presencial,54,Alto,Licenciatura,27,44,12
En línea,58,Bajo,Licenciatura,22,45,8
Presencial,51,Medio,Posgrado,24,62,8
En línea,53,Bajo,Posgrado,36,67,2
En línea,48,Alto,Licenciatura,28,50,1
Presencial,52,Alto,Bachillerato,30,41,1
En línea,48,Alto,Posgrado,24,60,7
Presencial,55,Medio,Posgrado,31,57,12
En línea,48,Bajo,Licenciatura,9,43,16
En línea,53,Alto,Posgrado,32,69,15
Presencial,50,Medio,Licenciatura,17,32,16
Presencial,58,Bajo,Licenciatura,29,33,3
En línea,50,Alto,Licenciatura,16,41,16
En línea,38,Bajo,Licenciatura,11,35,10
En línea,59,Bajo,Bachillerato,12,26,8
Presencial,44,Medio,Bachillerato,5,24,7
En línea,46,Bajo,Posgrado,33,60,13
En línea,46,Alto,Posgrado,19,53,9
Presencial,60,Medio,Posgrado,30,59,1
En línea,36,Bajo,Bachillerato,4,30,10
En línea,68,Bajo,Licenciatura,18,36,5
En línea,58,Alto,Bachillerato,23,36,15
Presencial,52,Bajo,Posgrado,31,63,9
En línea,50,Medio,Posgrado,25,67,12
En línea,52,Medio,Posgrado,29,69,16
Presencial,54,Alto,Bachillerato,15,35,13
En línea,55,Bajo,Posgrado,32,62,13
Presencial,54,Alto,Posgrado,23,57,1
Presencial,51,Bajo,Licenciatura,22,39,7
Presencial,49,Bajo,Posgrado,16,54,7
En línea,49,Bajo,Bachillerato,11,35,12
Presencial,49,Medio,Licenciatura,17,33,16
Presencial,58,Alto,Licenciatura,23,37,13
En línea,55,Bajo,Bachillerato,15,36,11
Presencial,34,Medio,Posgrado,22,61,3
En línea,55,Alto,Bachillerato,10,26,9
Presencial,52,Medio,Posgrado,30,63,4
En línea,50,Medio,Posgrado,29,65,12
En línea,48,Medio,Bachillerato,12,36,17
En línea,58,Medio,Bachillerato,12,28,16
Presencial,57,Medio,Licenciatura,23,47,7
En línea,45,Alto,Bachillerato,12,41,5
En línea,53,Bajo,Licenciatura,19,48,11
Presencial,44,Medio,Posgrado,40,62,12
En línea,41,Medio,Licenciatura,12,47,10
En línea,46,Bajo,Licenciatura,10,41,3
En línea,57,Bajo,Bachillerato,18,42,11
En línea,57,Alto,Licenciatura,16,45,15
Presencial,54,Alto,Bachillerato,13,22,15
En línea,56,Medio,Bachillerato,11,24,13
En línea,54,Alto,Posgrado,28,68,9
Presencial,46,Medio,Posgrado,37,65,4
Presencial,54,Bajo,Posgrado,34,57,7
Presencial,56,Medio,Bachillerato,19,28,6
En línea,56,Bajo,Licenciatura,12,36,3
Presencial,59,Alto,Bachillerato,9,23,2
Presencial,55,Bajo,Licenciatura,5,38,16
En línea,53,Medio,Posgrado,25,71,6
Presencial,58,Medio,Posgrado,34,56,5
Presencial,50,Alto,Licenciatura,22,35,2
En línea,44,Medio,Licenciatura,18,40,10
Presencial,49,Medio,Bachillerato,14,17,6
Presencial,45,Bajo,Bachillerato,11,29,6
Presencial,46,Bajo,Licenciatura,21,49,17
Presencial,49,Bajo,Licenciatura,23,43,14
Presencial,45,Medio,Bachillerato,6,27,10
Presencial,48,Alto,Licenciatura,21,41,4
Presencial,37,Bajo,Licenciatura,24,41,15
Presencial,52,Alto,Licenciatura,17,38,13
En línea,51,Medio,Bachillerato,18,28,15
Presencial,45,Alto,Posgrado,40,54,7
En línea,55,Bajo,Bachillerato,14,30,13
En línea,57,Medio,Posgrado,31,64,5
Presencial,39,Medio,Licenciatura,16,43,7
Presencial,45,Bajo,Bachillerato,15,24,7
Presencial,45,Medio,Posgrado,32,58,9
Presencial,44,Alto,Licenciatura,20,36,5
En línea,56,Alto,Bachillerato,9,28,4
Presencial,49,Alto,Posgrado,31,62,7
En línea,49,Alto,Licenciatura,27,42,1
Presencial,36,Medio,Posgrado,32,60,3
Presencial,55,Alto,Bachillerato,19,26,16
Presencial,42,Alto,Bachillerato,13,20,13
Presencial,51,Bajo,Posgrado,33,56,5
Presencial,52,Alto,Posgrado,31,60,14
En línea,60,Alto,Posgrado,25,56,17
Presencial,41,Alto,Licenciatura,21,43,3
En línea,34,Bajo,Bachillerato,10,23,4
En línea,52,Alto,Licenciatura,16,50,5
Presencial,63,Bajo,Licenciatura,20,52,6
Presencial,59,Alto,Posgrado,31,54,14
Presencial,52,Alto,Licenciatura,14,41,9
Presencial,47,Medio,Licenciatura,25,38,2
En línea,56,Bajo,Licenciatura,22,51,7
Presencial,44,Medio,Posgrado,26,51,14
Presencial,54,Bajo,Licenciatura,12,41,11
Presencial,54,Bajo,Licenciatura,19,36,4
Presencial,58,Alto,Licenciatura,17,39,15
Presencial,68,Alto,Licenciatura,20,35,5
En línea,53,Medio,Licenciatura,18,49,5
En línea,47,Alto,Licenciatura,9,38,6
Presencial,50,Bajo,Posgrado,28,61,12
Presencial,38,Medio,Posgrado,28,56,10